resultId,raceId,driverId,statusId,status,year
20117,836,704,3,Accident,1950
20113,836,789,3,Accident,1950
20066,834,792,3,Accident,1950
20063,834,762,3,Accident,1950
20062,834,787,3,Accident,1950
20061,834,427,3,Accident,1950
20060,834,640,3,Accident,1950
20059,834,626,3,Accident,1950
20058,834,627,3,Accident,1950
20057,834,786,3,Accident,1950
20056,834,642,3,Accident,1950
20055,834,498,3,Accident,1950
20064,834,501,4,Collision,1950
19929,828,660,3,Accident,1951
19869,825,633,3,Accident,1951
19866,825,765,3,Accident,1951
19865,825,687,3,Accident,1951
19885,826,768,3,Accident,1951
20021,832,704,3,Accident,1951
20017,832,660,3,Accident,1951
19976,830,756,3,Accident,1951
19972,830,704,3,Accident,1951
19711,819,554,3,Accident,1952
19710,819,641,3,Accident,1952
19659,817,627,3,Accident,1952
19790,822,427,3,Accident,1952
19780,822,626,3,Accident,1952
19626,816,647,3,Accident,1953
19628,816,670,3,Accident,1953
19458,809,528,3,Accident,1953
19440,809,529,3,Accident,1953
19442,809,699,3,Accident,1953
19453,809,559,3,Accident,1953
19459,809,520,3,Accident,1953
19464,809,612,3,Accident,1953
20198,809,521,3,Accident,1953
20199,809,520,3,Accident,1953
19428,808,642,3,Accident,1953
19495,811,660,3,Accident,1953
20210,811,579,3,Accident,1953
19386,806,648,3,Accident,1954
19415,807,581,3,Accident,1954
19258,800,556,3,Accident,1954
19259,800,509,3,Accident,1954
19264,800,519,3,Accident,1954
20235,800,559,3,Accident,1954
19353,804,670,3,Accident,1954
19372,805,626,3,Accident,1954
19320,803,669,3,Accident,1954
19322,803,685,3,Accident,1954
19325,803,645,3,Accident,1954
20239,803,541,3,Accident,1954
19229,799,627,3,Accident,1954
19073,792,554,3,Accident,1955
19068,792,608,3,Accident,1955
19071,792,647,3,Accident,1955
19074,792,648,3,Accident,1955
19076,792,649,3,Accident,1955
19077,792,496,3,Accident,1955
20257,792,633,3,Accident,1955
19088,793,647,3,Accident,1955
19116,794,655,3,Accident,1955
19127,794,558,3,Accident,1955
19128,794,449,3,Accident,1955
19129,794,533,3,Accident,1955
19125,794,657,3,Accident,1955
19000,789,479,3,Accident,1956
18961,787,580,3,Accident,1956
18981,788,635,3,Accident,1956
19018,790,606,3,Accident,1956
19021,790,577,3,Accident,1956
18904,785,626,3,Accident,1956
18909,785,577,3,Accident,1956
18908,785,501,3,Accident,1956
18890,784,581,3,Accident,1956
18891,784,586,3,Accident,1956
18942,786,561,3,Accident,1956
18946,786,555,3,Accident,1956
18935,786,529,3,Accident,1956
18937,786,556,3,Accident,1956
18941,786,538,3,Accident,1956
18824,780,547,3,Accident,1957
18861,782,456,3,Accident,1957
18863,782,547,3,Accident,1957
18749,777,547,3,Accident,1957
18750,777,581,3,Accident,1957
18751,777,475,3,Accident,1957
18752,777,578,3,Accident,1957
18803,779,356,3,Accident,1957
18805,779,541,3,Accident,1957
18778,778,538,3,Accident,1957
18781,778,565,3,Accident,1957
18784,778,558,3,Accident,1957
18785,778,556,3,Accident,1957
18789,778,532,3,Accident,1957
18790,778,616,3,Accident,1957
18648,772,581,3,Accident,1958
18693,774,583,3,Accident,1958
18695,774,476,3,Accident,1958
18659,772,356,4,Collision,1958
18696,774,501,3,Accident,1958
18714,775,590,3,Accident,1958
18715,775,604,3,Accident,1958
18716,775,605,3,Accident,1958
18718,775,482,3,Accident,1958
18720,775,455,3,Accident,1958
18660,772,347,3,Accident,1958
18571,768,597,3,Accident,1958
18574,768,536,3,Accident,1958
18573,768,598,3,Accident,1958
18572,768,510,3,Accident,1958
18570,768,596,3,Accident,1958
18569,768,537,3,Accident,1958
18568,768,514,3,Accident,1958
18566,768,563,3,Accident,1958
18501,766,347,3,Accident,1958
18575,768,599,3,Accident,1958
18613,770,577,3,Accident,1958
18610,770,580,3,Accident,1958
18589,769,577,3,Accident,1958
18482,764,575,3,Accident,1959
18344,757,536,3,Accident,1959
18343,757,517,3,Accident,1959
18342,757,565,3,Accident,1959
18341,757,564,3,Accident,1959
18335,757,561,3,Accident,1959
18331,757,559,3,Accident,1959
18302,756,476,4,Collision,1959
18303,756,477,4,Collision,1959
18304,756,506,4,Collision,1959
18297,756,501,3,Accident,1959
18340,757,563,3,Accident,1959
18442,762,289,3,Accident,1959
18441,762,403,3,Accident,1959
18397,760,567,3,Accident,1959
18421,761,478,3,Accident,1959
18138,748,532,3,Accident,1960
18136,748,530,3,Accident,1960
18174,750,502,3,Accident,1960
18159,749,364,3,Accident,1960
18177,750,505,3,Accident,1960
18180,750,404,3,Accident,1960
18184,750,475,3,Accident,1960
18185,750,540,3,Accident,1960
18264,754,546,3,Accident,1960
18244,753,403,3,Accident,1960
18242,753,432,3,Accident,1960
18288,755,341,3,Accident,1960
18205,751,427,3,Accident,1960
18204,751,289,3,Accident,1960
17966,742,394,3,Accident,1961
17972,742,481,3,Accident,1961
17936,741,341,3,Accident,1961
18039,744,460,3,Accident,1961
18035,744,373,3,Accident,1961
18034,744,476,3,Accident,1961
18033,744,341,3,Accident,1961
18064,745,433,3,Accident,1961
17852,738,476,3,Accident,1961
18000,743,356,3,Accident,1961
17998,743,289,3,Accident,1961
17991,743,435,3,Accident,1961
17709,732,453,3,Accident,1962
17645,729,457,3,Accident,1962
17644,729,356,3,Accident,1962
17643,729,341,3,Accident,1962
17637,729,404,3,Accident,1962
17636,729,386,3,Accident,1962
17635,729,454,3,Accident,1962
17655,730,356,3,Accident,1962
17684,731,435,3,Accident,1962
17683,731,401,3,Accident,1962
17663,730,386,3,Accident,1962
17662,730,427,3,Accident,1962
17661,730,364,3,Accident,1962
17825,736,430,3,Accident,1962
17771,734,401,3,Accident,1962
17768,734,385,3,Accident,1962
20320,728,310,3,Accident,1963
20312,728,356,3,Accident,1963
17535,724,404,3,Accident,1963
17536,724,385,3,Accident,1963
17456,721,356,3,Accident,1963
17432,720,346,3,Accident,1963
17431,720,440,3,Accident,1963
17430,720,376,3,Accident,1963
17427,720,438,3,Accident,1963
17404,719,404,3,Accident,1963
17426,720,408,3,Accident,1963
17534,724,435,3,Accident,1963
17530,724,438,3,Accident,1963
17531,724,360,3,Accident,1963
17533,724,278,3,Accident,1963
17287,713,380,3,Accident,1964
17282,713,420,3,Accident,1964
17263,712,401,3,Accident,1964
17260,712,404,3,Accident,1964
17229,710,408,3,Accident,1964
17329,715,346,3,Accident,1964
17323,715,403,3,Accident,1964
17303,714,309,3,Accident,1964
17302,714,405,3,Accident,1964
17045,701,370,3,Accident,1965
17058,702,385,3,Accident,1965
17067,702,358,3,Accident,1965
17024,700,406,3,Accident,1965
16846,691,396,3,Accident,1966
16905,694,358,3,Accident,1966
16904,694,387,3,Accident,1966
16848,691,346,3,Accident,1966
16841,691,328,3,Accident,1966
16842,691,347,3,Accident,1966
16843,691,374,3,Accident,1966
16844,691,289,3,Accident,1966
16847,691,304,3,Accident,1966
16923,695,399,3,Accident,1966
16918,695,387,3,Accident,1966
16915,695,373,3,Accident,1966
16939,696,386,3,Accident,1966
16924,695,389,82,Injury,1966
16684,682,387,3,Accident,1967
16637,680,385,3,Accident,1967
16629,679,289,3,Accident,1967
16621,679,368,3,Accident,1967
16666,681,360,3,Accident,1967
16771,687,346,3,Accident,1967
16487,672,359,3,Accident,1968
16413,668,345,3,Accident,1968
16488,672,377,3,Accident,1968
16398,667,333,3,Accident,1968
16423,669,345,3,Accident,1968
16425,669,306,3,Accident,1968
16428,669,358,3,Accident,1968
16461,671,289,3,Accident,1968
16469,671,360,3,Accident,1968
16471,671,376,3,Accident,1968
16431,669,360,3,Accident,1968
16432,669,262,3,Accident,1968
16571,676,235,3,Accident,1968
16559,676,359,3,Accident,1968
16579,677,304,3,Accident,1968
16548,675,350,3,Accident,1968
16546,675,278,3,Accident,1968
16545,675,341,3,Accident,1968
16528,674,350,3,Accident,1968
16524,674,306,3,Accident,1968
16523,674,278,3,Accident,1968
16307,662,350,3,Accident,1969
16308,662,207,3,Accident,1969
16306,662,361,3,Accident,1969
16352,665,289,3,Accident,1969
16337,664,328,4,Collision,1969
16344,664,351,3,Accident,1969
16249,658,356,3,Accident,1969
16250,658,262,3,Accident,1969
16231,657,358,3,Accident,1969
16233,657,289,3,Accident,1969
16377,666,346,3,Accident,1969
16106,651,207,3,Accident,1970
16122,652,356,3,Accident,1970
15989,647,320,3,Accident,1970
15987,647,361,3,Accident,1970
16030,649,345,3,Accident,1970
16034,649,280,3,Accident,1970
16011,648,346,3,Accident,1970
15926,644,235,3,Accident,1970
15927,644,262,3,Accident,1970
15907,643,361,3,Accident,1970
15786,638,235,3,Accident,1971
15781,638,320,3,Accident,1971
15779,638,278,3,Accident,1971
15736,636,223,3,Accident,1971
15764,637,262,3,Accident,1971
15763,637,289,3,Accident,1971
15853,641,306,3,Accident,1971
15855,641,223,3,Accident,1971
15856,641,289,3,Accident,1971
15858,641,307,3,Accident,1971
15833,640,243,3,Accident,1971
15881,642,304,3,Accident,1971
15874,642,305,3,Accident,1971
15642,632,327,3,Accident,1971
15712,635,327,3,Accident,1971
15716,635,338,3,Accident,1971
15686,634,223,3,Accident,1971
15689,634,327,3,Accident,1971
15690,634,289,3,Accident,1971
15687,634,320,3,Accident,1971
15587,630,238,4,Collision,1972
15623,631,333,4,Collision,1972
15612,631,305,4,Collision,1972
15492,626,333,3,Accident,1972
15490,626,280,3,Accident,1972
15464,625,337,107,Eye injury,1972
15564,629,223,4,Collision,1972
15565,629,250,4,Collision,1972
15503,627,328,4,Collision,1972
15510,627,280,3,Accident,1972
15377,622,328,3,Accident,1972
15383,622,317,3,Accident,1972
15387,622,243,3,Accident,1972
15390,622,339,3,Accident,1972
15338,620,339,3,Accident,1972
15433,624,223,3,Accident,1972
15435,624,330,3,Accident,1972
15410,623,280,3,Accident,1972
15415,623,320,3,Accident,1972
15414,623,314,3,Accident,1972
15413,623,307,3,Accident,1972
15412,623,305,3,Accident,1972
15411,623,223,3,Accident,1972
15212,615,332,3,Accident,1973
15238,616,329,4,Collision,1973
15214,615,182,3,Accident,1973
15167,613,262,4,Collision,1973
15166,613,332,4,Collision,1973
15165,613,335,4,Collision,1973
15164,613,333,4,Collision,1973
15163,613,306,4,Collision,1973
15162,613,250,4,Collision,1973
15161,613,200,4,Collision,1973
15160,613,305,4,Collision,1973
15159,613,222,4,Collision,1973
15192,614,262,3,Accident,1973
15189,614,335,3,Accident,1973
15185,614,290,3,Accident,1973
15317,619,327,3,Accident,1973
15300,619,197,3,Accident,1973
15256,617,182,3,Accident,1973
15263,617,231,3,Accident,1973
15286,618,327,3,Accident,1973
15285,618,222,3,Accident,1973
15063,609,307,3,Accident,1973
15062,609,309,3,Accident,1973
15061,609,238,3,Accident,1973
15058,609,197,3,Accident,1973
15057,609,329,3,Accident,1973
15056,609,223,3,Accident,1973
15024,607,305,3,Accident,1973
15066,609,262,3,Accident,1973
15023,607,235,3,Accident,1973
15021,607,293,3,Accident,1973
15011,607,250,3,Accident,1973
15022,607,223,3,Accident,1973
15069,609,305,3,Accident,1973
15132,612,222,3,Accident,1973
15133,612,224,3,Accident,1973
15087,610,306,3,Accident,1973
15114,611,290,3,Accident,1973
14548,590,309,3,Accident,1974
14549,590,197,3,Accident,1974
14832,600,304,3,Accident,1974
14831,600,182,3,Accident,1974
14824,600,221,3,Accident,1974
14821,600,305,3,Accident,1974
14862,601,243,3,Accident,1974
14854,601,221,4,Collision,1974
14853,601,235,4,Collision,1974
14791,599,233,3,Accident,1974
14887,602,230,3,Accident,1974
14918,603,182,3,Accident,1974
14656,594,231,3,Accident,1974
14658,594,280,4,Collision,1974
14648,594,252,4,Collision,1974
14684,595,250,4,Collision,1974
14683,595,312,4,Collision,1974
14682,595,230,4,Collision,1974
14681,595,232,4,Collision,1974
14680,595,304,4,Collision,1974
14679,595,306,4,Collision,1974
14600,592,238,4,Collision,1974
14685,595,314,4,Collision,1974
14618,593,232,3,Accident,1974
14674,595,305,3,Accident,1974
14678,595,233,4,Collision,1974
14677,595,267,3,Accident,1974
14676,595,296,3,Accident,1974
14740,597,233,3,Accident,1974
14764,598,231,4,Collision,1974
14762,598,252,4,Collision,1974
14739,597,252,4,Collision,1974
14738,597,231,4,Collision,1974
14182,576,290,3,Accident,1975
14257,579,221,3,Accident,1975
14310,581,178,3,Accident,1975
14311,581,200,3,Accident,1975
14355,583,200,3,Accident,1975
14245,579,243,3,Accident,1975
14227,578,251,3,Accident,1975
14246,579,250,3,Accident,1975
14253,579,231,3,Accident,1975
14271,580,288,3,Accident,1975
14272,580,231,3,Accident,1975
14274,580,230,3,Accident,1975
14275,580,252,3,Accident,1975
14276,580,223,3,Accident,1975
14279,580,197,3,Accident,1975
14255,579,288,3,Accident,1975
14256,579,178,3,Accident,1975
14260,579,182,3,Accident,1975
14247,579,252,3,Accident,1975
14489,588,233,3,Accident,1975
14492,588,243,3,Accident,1975
14495,588,294,3,Accident,1975
14496,588,207,3,Accident,1975
14488,588,275,3,Accident,1975
14468,587,207,3,Accident,1975
14469,587,288,3,Accident,1975
14470,587,205,3,Accident,1975
14465,587,233,3,Accident,1975
14202,577,252,3,Accident,1975
14513,589,239,3,Accident,1975
14519,589,294,3,Accident,1975
14521,589,221,3,Accident,1975
14522,589,250,3,Accident,1975
14493,588,200,3,Accident,1975
14395,585,200,3,Accident,1975
14397,585,221,3,Accident,1975
14399,585,187,3,Accident,1975
14402,585,197,3,Accident,1975
14403,585,294,3,Accident,1975
14404,585,205,3,Accident,1975
14405,585,300,3,Accident,1975
14406,585,301,3,Accident,1975
14407,585,290,3,Accident,1975
14408,585,233,3,Accident,1975
14409,585,302,3,Accident,1975
14410,585,252,3,Accident,1975
14393,585,288,3,Accident,1975
14392,585,231,3,Accident,1975
14391,585,222,3,Accident,1975
14390,585,250,3,Accident,1975
14429,586,294,3,Accident,1975
14430,586,222,3,Accident,1975
14440,586,200,3,Accident,1975
14441,586,270,3,Accident,1975
13774,561,251,3,Accident,1976
13773,561,238,3,Accident,1976
13790,562,231,3,Accident,1976
13742,560,197,3,Accident,1976
13743,560,231,3,Accident,1976
13746,560,238,3,Accident,1976
13747,560,207,3,Accident,1976
13791,562,233,3,Accident,1976
14019,570,178,3,Accident,1976
13793,562,199,3,Accident,1976
13962,568,230,3,Accident,1976
13967,568,233,3,Accident,1976
13968,568,265,3,Accident,1976
14010,570,239,3,Accident,1976
14015,570,230,3,Accident,1976
14016,570,224,3,Accident,1976
14017,570,250,3,Accident,1976
14022,570,232,3,Accident,1976
13989,569,230,3,Accident,1976
13992,569,238,3,Accident,1976
13996,569,182,3,Accident,1976
13998,569,229,3,Accident,1976
13997,569,239,3,Accident,1976
13879,565,178,4,Collision,1976
13872,565,172,3,Accident,1976
13874,565,223,3,Accident,1976
13876,565,238,3,Accident,1976
13880,565,199,3,Accident,1976
13792,562,230,3,Accident,1976
13846,564,278,3,Accident,1976
13855,564,238,3,Accident,1976
13856,564,255,3,Accident,1976
13911,566,187,3,Accident,1976
13908,566,271,3,Accident,1976
13909,566,255,3,Accident,1976
13904,566,278,3,Accident,1976
13990,569,221,3,Accident,1976
14152,575,200,3,Accident,1976
13821,563,221,3,Accident,1976
14133,574,232,3,Accident,1976
14073,572,233,3,Accident,1976
14074,572,207,3,Accident,1976
14045,571,256,3,Accident,1976
14051,571,232,3,Accident,1976
14048,571,255,3,Accident,1976
14127,574,250,4,Collision,1976
14130,574,235,3,Accident,1976
14106,573,229,3,Accident,1976
14107,573,278,3,Accident,1976
14105,573,232,3,Accident,1976
13313,545,172,3,Accident,1977
13337,546,239,3,Accident,1977
13336,546,199,3,Accident,1977
13311,545,207,3,Accident,1977
13314,545,252,3,Accident,1977
13289,544,223,3,Accident,1977
13269,543,246,3,Accident,1977
13338,546,230,3,Accident,1977
13290,544,230,3,Accident,1977
13288,544,238,3,Accident,1977
13287,544,200,3,Accident,1977
13284,544,221,3,Accident,1977
13283,544,172,3,Accident,1977
13282,544,187,3,Accident,1977
13279,544,250,3,Accident,1977
13534,553,211,3,Accident,1977
13542,553,239,3,Accident,1977
13546,553,178,3,Accident,1977
13594,555,230,3,Accident,1977
13598,555,255,3,Accident,1977
13604,555,211,3,Accident,1977
13605,555,231,3,Accident,1977
13608,555,200,3,Accident,1977
13569,554,208,3,Accident,1977
13577,554,251,3,Accident,1977
13578,554,223,3,Accident,1977
13449,550,222,3,Accident,1977
13412,549,200,3,Accident,1977
13415,549,199,3,Accident,1977
13416,549,211,3,Accident,1977
13417,549,119,3,Accident,1977
13418,549,251,3,Accident,1977
13420,549,207,3,Accident,1977
13421,549,187,3,Accident,1977
13510,552,251,3,Accident,1977
13513,552,211,3,Accident,1977
13472,551,222,3,Accident,1977
13473,551,233,3,Accident,1977
13476,551,221,3,Accident,1977
13478,551,259,3,Accident,1977
13479,551,197,3,Accident,1977
13725,559,207,4,Collision,1977
13726,559,274,4,Collision,1977
13727,559,246,4,Collision,1977
13722,559,238,3,Accident,1977
13723,559,203,3,Accident,1977
13355,547,211,3,Accident,1977
13354,547,178,3,Accident,1977
13361,547,223,3,Accident,1977
13362,547,230,3,Accident,1977
13363,547,182,73,Injured,1977
13640,556,187,3,Accident,1977
13637,556,230,3,Accident,1977
13683,558,230,3,Accident,1977
13690,558,231,3,Accident,1977
13693,558,211,3,Accident,1977
13694,558,246,3,Accident,1977
13699,558,255,3,Accident,1977
13702,558,223,3,Accident,1977
13671,557,255,3,Accident,1977
13672,557,233,3,Accident,1977
13673,557,251,3,Accident,1977
13675,557,240,3,Accident,1977
13676,557,178,3,Accident,1977
12828,528,211,3,Accident,1978
12849,529,175,3,Accident,1978
12827,528,221,3,Accident,1978
12824,528,238,4,Collision,1978
12823,528,222,3,Accident,1978
13125,538,207,3,Accident,1978
13124,538,222,3,Accident,1978
13123,538,137,3,Accident,1978
13121,538,229,3,Accident,1978
13120,538,119,3,Accident,1978
13119,538,178,3,Accident,1978
13118,538,231,3,Accident,1978
13117,538,202,3,Accident,1978
13116,538,182,3,Accident,1978
13113,538,233,3,Accident,1978
13112,538,175,3,Accident,1978
13122,538,212,3,Accident,1978
13156,539,202,3,Accident,1978
13155,539,119,3,Accident,1978
13150,539,177,3,Accident,1978
13093,537,221,3,Accident,1978
13092,537,233,3,Accident,1978
13091,537,200,3,Accident,1978
13087,537,175,3,Accident,1978
13244,542,224,3,Accident,1978
13243,542,233,3,Accident,1978
13241,542,187,3,Accident,1978
13187,540,230,3,Accident,1978
13186,540,239,3,Accident,1978
13185,540,233,3,Accident,1978
13184,540,202,3,Accident,1978
13183,540,238,3,Accident,1978
12948,532,224,3,Accident,1978
12947,532,231,3,Accident,1978
12946,532,182,3,Accident,1978
12945,532,187,3,Accident,1978
12929,532,172,3,Accident,1978
12912,531,233,3,Accident,1978
12906,531,203,3,Accident,1978
12877,530,222,3,Accident,1978
12876,530,175,3,Accident,1978
12880,530,203,3,Accident,1978
12886,530,231,3,Accident,1978
12888,530,233,3,Accident,1978
12887,530,211,3,Accident,1978
13064,536,231,3,Accident,1978
12972,533,199,3,Accident,1978
13007,534,230,3,Accident,1978
13006,534,202,3,Accident,1978
12712,524,187,3,Accident,1979
12715,524,137,3,Accident,1979
12689,523,223,3,Accident,1979
12763,526,223,3,Accident,1979
12766,526,177,3,Accident,1979
12768,526,197,3,Accident,1979
12741,525,163,3,Accident,1979
12742,525,233,3,Accident,1979
12422,513,175,4,Collision,1979
12424,513,137,3,Accident,1979
12396,512,222,4,Collision,1979
12397,512,202,4,Collision,1979
12398,512,175,4,Collision,1979
12399,512,137,4,Collision,1979
12400,512,232,4,Collision,1979
12401,512,119,3,Accident,1979
12661,522,136,3,Accident,1979
12636,521,199,3,Accident,1979
12549,518,182,3,Accident,1979
12550,518,202,3,Accident,1979
12553,518,163,3,Accident,1979
12531,517,223,3,Accident,1979
12581,519,137,3,Accident,1979
12527,517,173,3,Accident,1979
12520,517,231,3,Accident,1979
12478,515,175,4,Collision,1979
12465,515,212,3,Accident,1979
12466,515,206,3,Accident,1979
12477,515,182,3,Accident,1979
12526,517,152,3,Accident,1979
12446,514,233,3,Accident,1979
12448,514,172,3,Accident,1979
12450,514,173,3,Accident,1979
12451,514,221,3,Accident,1979
12452,514,136,3,Accident,1979
12519,517,221,3,Accident,1979
12100,501,207,3,Accident,1980
12101,501,217,3,Accident,1980
12140,503,173,3,Accident,1980
12098,501,173,3,Accident,1980
12142,503,202,3,Accident,1980
12143,503,163,3,Accident,1980
12148,503,152,3,Accident,1980
12149,503,197,3,Accident,1980
12150,503,117,3,Accident,1980
12151,503,206,3,Accident,1980
12097,501,197,3,Accident,1980
12090,501,152,3,Accident,1980
12017,498,197,4,Collision,1980
12005,498,203,3,Accident,1980
12091,501,178,3,Accident,1980
12089,501,223,3,Accident,1980
12074,500,117,3,Accident,1980
12075,500,176,3,Accident,1980
12066,500,177,3,Accident,1980
12314,509,224,3,Accident,1980
12311,509,206,3,Accident,1980
12362,511,203,3,Accident,1980
12373,511,110,3,Accident,1980
12343,510,119,3,Accident,1980
12344,510,206,3,Accident,1980
12345,510,191,3,Accident,1980
12277,508,152,3,Accident,1980
12281,508,230,3,Accident,1980
12282,508,209,3,Accident,1980
12286,508,173,3,Accident,1980
12287,508,202,3,Accident,1980
11714,488,110,4,Collision,1981
11705,488,105,4,Collision,1981
11706,488,152,4,Collision,1981
11715,488,207,4,Collision,1981
11687,487,119,4,Collision,1981
11688,487,216,4,Collision,1981
11678,487,212,3,Accident,1981
11682,487,178,3,Accident,1981
11684,487,137,3,Accident,1981
11773,490,178,4,Collision,1981
11747,489,137,3,Accident,1981
11750,489,110,3,Accident,1981
11591,484,117,4,Collision,1981
11593,484,202,4,Collision,1981
11595,484,163,4,Collision,1981
11596,484,207,4,Collision,1981
11597,484,192,4,Collision,1981
11592,484,216,3,Accident,1981
11557,483,152,4,Collision,1981
11558,483,172,4,Collision,1981
11560,483,136,4,Collision,1981
11567,483,117,4,Collision,1981
11568,483,110,4,Collision,1981
11562,483,213,3,Accident,1981
11563,483,95,3,Accident,1981
11566,483,173,3,Accident,1981
11556,483,212,3,Accident,1981
11648,486,105,4,Collision,1981
11649,486,213,4,Collision,1981
11650,486,152,4,Collision,1981
11651,486,158,4,Collision,1981
11656,486,215,3,Accident,1981
11920,495,105,3,Accident,1981
11918,495,187,3,Accident,1981
11896,494,175,4,Collision,1981
11897,494,203,4,Collision,1981
11884,494,207,3,Accident,1981
11985,497,175,3,Accident,1981
11947,496,117,4,Collision,1981
11948,496,95,4,Collision,1981
11951,496,197,4,Collision,1981
11957,496,163,4,Collision,1981
11894,494,202,4,Collision,1981
11891,494,199,4,Collision,1981
11890,494,172,4,Collision,1981
11806,491,178,4,Collision,1981
11868,493,203,3,Accident,1981
11838,492,110,4,Collision,1981
11229,472,177,4,Collision,1982
11300,474,152,4,Collision,1982
11301,474,95,4,Collision,1982
11304,474,209,4,Collision,1982
11263,473,182,4,Collision,1982
11265,473,152,4,Collision,1982
11268,473,195,4,Collision,1982
11269,473,119,4,Collision,1982
11273,473,196,4,Collision,1982
11274,473,184,4,Collision,1982
11214,471,203,3,Accident,1982
11211,471,152,4,Collision,1982
11127,468,182,4,Collision,1982
11128,468,163,4,Collision,1982
11129,468,199,4,Collision,1982
11130,468,173,4,Collision,1982
11105,467,197,4,Collision,1982
11099,467,118,3,Accident,1982
11161,469,207,4,Collision,1982
11164,469,163,4,Collision,1982
11212,471,194,4,Collision,1982
11165,469,152,4,Collision,1982
11167,469,181,4,Collision,1982
11166,469,194,4,Collision,1982
11481,480,175,82,Injury,1982
11450,479,206,4,Collision,1982
11451,479,110,4,Collision,1982
11452,479,152,4,Collision,1982
11537,482,95,4,Collision,1982
11541,482,197,3,Accident,1982
11508,481,206,4,Collision,1982
11509,481,118,4,Collision,1982
11510,481,205,4,Collision,1982
11359,476,197,4,Collision,1982
11360,476,192,4,Collision,1982
11362,476,119,4,Collision,1982
11363,476,163,4,Collision,1982
11364,476,170,4,Collision,1982
11414,478,137,4,Collision,1982
11415,478,194,4,Collision,1982
11423,478,202,3,Accident,1982
11390,477,184,4,Collision,1982
10785,456,196,4,Collision,1983
10779,456,118,4,Collision,1983
10786,456,181,4,Collision,1983
10787,456,105,4,Collision,1983
10788,456,95,4,Collision,1983
10778,456,176,4,Collision,1983
10819,457,197,4,Collision,1983
10818,457,187,4,Collision,1983
10844,458,181,4,Collision,1983
10702,453,197,4,Collision,1983
10705,453,175,4,Collision,1983
10706,453,177,4,Collision,1983
10676,452,184,4,Collision,1983
10758,455,193,4,Collision,1983
10764,455,105,4,Collision,1983
11021,464,110,4,Collision,1983
10983,463,137,4,Collision,1983
10962,462,176,4,Collision,1983
10963,462,193,4,Collision,1983
10958,462,105,4,Collision,1983
10961,462,173,4,Collision,1983
10378,441,118,4,Collision,1984
10379,441,175,4,Collision,1984
10380,441,110,3,Accident,1984
10351,440,176,3,Accident,1984
10350,440,118,3,Accident,1984
10423,443,185,3,Accident,1984
10432,443,102,3,Accident,1984
10434,443,183,3,Accident,1984
10435,443,160,3,Accident,1984
10436,443,163,3,Accident,1984
10439,443,176,3,Accident,1984
10407,442,119,3,Accident,1984
10239,436,95,3,Accident,1984
10331,439,175,4,Collision,1984
10332,439,183,4,Collision,1984
10293,438,110,3,Accident,1984
10564,448,123,3,Accident,1984
10624,450,177,3,Accident,1984
10625,450,102,3,Accident,1984
10626,450,176,3,Accident,1984
10627,450,77,3,Accident,1984
10628,450,160,3,Accident,1984
10486,445,156,3,Accident,1984
10491,445,158,3,Accident,1984
10492,445,112,3,Accident,1984
10493,445,189,3,Accident,1984
10465,444,183,3,Accident,1984
10519,446,102,3,Accident,1984
10170,433,122,3,Accident,1985
10177,433,137,3,Accident,1985
10179,433,94,3,Accident,1985
10211,435,182,3,Accident,1985
10190,434,166,3,Accident,1985
10198,434,119,3,Accident,1985
10199,434,158,3,Accident,1985
9939,424,94,3,Accident,1985
9943,424,118,3,Accident,1985
9944,424,181,3,Accident,1985
9942,424,112,3,Accident,1985
9909,423,119,3,Accident,1985
9910,423,137,3,Accident,1985
9914,423,140,3,Accident,1985
9915,423,77,3,Accident,1985
9916,423,175,3,Accident,1985
9959,425,102,3,Accident,1985
9960,425,84,3,Accident,1985
9961,425,112,3,Accident,1985
9962,425,95,3,Accident,1985
9966,425,175,3,Accident,1985
9971,425,160,3,Accident,1985
9838,420,110,3,Accident,1985
9841,420,183,3,Accident,1985
9989,426,102,3,Accident,1985
9991,426,94,3,Accident,1985
10101,430,94,3,Accident,1985
10140,432,172,3,Accident,1985
10150,432,112,3,Accident,1985
10152,432,160,3,Accident,1985
9990,426,77,3,Accident,1985
10023,427,160,3,Accident,1985
9997,426,95,82,Injury,1985
10022,427,112,3,Accident,1985
10020,427,140,3,Accident,1985
10061,429,172,3,Accident,1985
10073,429,110,3,Accident,1985
10050,428,110,4,Collision,1985
9558,409,175,3,Accident,1986
9552,409,174,3,Accident,1986
9551,409,140,3,Accident,1986
9533,408,175,3,Accident,1986
9601,411,179,3,Accident,1986
9606,411,102,3,Accident,1986
9607,411,160,3,Accident,1986
9608,411,145,3,Accident,1986
9610,411,178,3,Accident,1986
9570,410,163,3,Accident,1986
9571,410,123,3,Accident,1986
9573,410,137,3,Accident,1986
9455,405,156,4,Collision,1986
9456,405,178,4,Collision,1986
9496,407,84,3,Accident,1986
9497,407,175,3,Accident,1986
9503,407,178,3,Accident,1986
9483,406,145,3,Accident,1986
9738,416,175,3,Accident,1986
9739,416,119,3,Accident,1986
9817,419,145,3,Accident,1986
9819,419,105,3,Accident,1986
9793,418,175,3,Accident,1986
9662,413,170,3,Accident,1986
9633,412,172,4,Collision,1986
9634,412,157,4,Collision,1986
9635,412,160,4,Collision,1986
9636,412,180,4,Collision,1986
9680,414,105,3,Accident,1986
9681,414,118,3,Accident,1986
9682,414,117,3,Accident,1986
9106,392,112,3,Accident,1987
9110,392,118,3,Accident,1987
9112,392,170,3,Accident,1987
9115,392,167,3,Accident,1987
9116,392,138,3,Accident,1987
9164,394,77,3,Accident,1987
9167,394,122,3,Accident,1987
9037,389,137,82,Injury,1987
9087,391,166,3,Accident,1987
9052,390,95,3,Accident,1987
9053,390,102,3,Accident,1987
9064,390,156,3,Accident,1987
9353,401,117,4,Collision,1987
9343,401,118,3,Accident,1987
9344,401,110,3,Accident,1987
9350,401,140,3,Accident,1987
9351,401,138,3,Accident,1987
9352,401,157,3,Accident,1987
9318,400,156,4,Collision,1987
9319,400,163,4,Collision,1987
9316,400,123,3,Accident,1987
9406,403,145,3,Accident,1987
9377,402,122,3,Accident,1987
9379,402,112,3,Accident,1987
9380,402,95,3,Accident,1987
9246,397,166,3,Accident,1987
9211,396,112,3,Accident,1987
9297,399,167,3,Accident,1987
9300,399,157,3,Accident,1987
8660,377,105,4,Collision,1988
8674,377,122,73,Injured,1988
8642,376,141,4,Collision,1988
8608,375,163,3,Accident,1988
8566,374,112,4,Collision,1988
8571,374,95,4,Collision,1988
8578,374,137,4,Collision,1988
8975,387,127,4,Collision,1988
8976,387,138,4,Collision,1988
8979,387,77,4,Collision,1988
8980,387,163,4,Collision,1988
8983,387,105,4,Collision,1988
8948,386,95,4,Collision,1988
8794,381,94,4,Collision,1988
8795,381,166,4,Collision,1988
8843,383,102,4,Collision,1988
8827,382,110,3,Accident,1988
8828,382,163,3,Accident,1988
8090,361,94,3,Accident,1989
8089,361,131,3,Accident,1989
8052,360,118,4,Collision,1989
8038,360,133,4,Collision,1989
7934,357,77,3,Accident,1989
7899,356,159,4,Collision,1989
7898,356,77,4,Collision,1989
7890,356,146,4,Collision,1989
7889,356,158,4,Collision,1989
7971,358,137,4,Collision,1989
8403,369,138,4,Collision,1989
8392,369,127,4,Collision,1989
8357,368,118,3,Accident,1989
8359,368,133,4,Collision,1989
8358,368,137,4,Collision,1989
8355,368,102,4,Collision,1989
8478,371,163,4,Collision,1989
8476,371,77,4,Collision,1989
8475,371,112,4,Collision,1989
8473,371,84,4,Collision,1989
8469,371,102,4,Collision,1989
8467,371,160,4,Collision,1989
8466,371,137,4,Collision,1989
8440,370,159,4,Collision,1989
8434,370,139,4,Collision,1989
8427,370,117,4,Collision,1989
8241,365,138,3,Accident,1989
8235,365,159,4,Collision,1989
8206,364,123,4,Collision,1989
8285,366,163,4,Collision,1989
8280,366,105,4,Collision,1989
8279,366,119,4,Collision,1989
7108,323,94,3,Accident,1990
7106,323,138,4,Collision,1990
7105,323,122,4,Collision,1990
7071,322,129,4,Collision,1990
7030,321,148,3,Accident,1990
7031,321,129,4,Collision,1990
7072,322,110,4,Collision,1990
7176,325,105,4,Collision,1990
7175,325,139,4,Collision,1990
7174,325,78,4,Collision,1990
7173,325,123,4,Collision,1990
7209,326,88,4,Collision,1990
7123,324,148,4,Collision,1990
7443,333,112,3,Accident,1990
7441,333,88,3,Accident,1990
7440,333,133,3,Accident,1990
7210,326,138,4,Collision,1990
7518,335,131,4,Collision,1990
7516,335,102,4,Collision,1990
7486,334,151,73,Injured,1990
7483,334,131,4,Collision,1990
7473,334,77,4,Collision,1990
7517,335,117,4,Collision,1990
7387,331,147,3,Accident,1990
7279,328,145,4,Collision,1990
7386,331,88,3,Accident,1990
7348,330,55,4,Collision,1990
7344,330,145,4,Collision,1990
7343,330,95,4,Collision,1990
7342,330,77,4,Collision,1990
7350,330,94,4,Collision,1990
7316,329,139,4,Collision,1990
6727,312,55,4,Collision,1991
6728,312,88,4,Collision,1991
6736,312,119,4,Collision,1991
6699,311,81,4,Collision,1991
6487,305,90,4,Collision,1991
6565,307,95,4,Collision,1991
6928,318,81,4,Collision,1991
6938,318,122,4,Collision,1991
6939,318,103,4,Collision,1991
6940,318,123,4,Collision,1991
7002,320,55,3,Accident,1991
7004,320,123,3,Accident,1991
6969,319,110,3,Accident,1991
6971,319,139,3,Accident,1991
6972,319,91,3,Accident,1991
6970,319,109,3,Accident,1991
6133,293,77,4,Collision,1992
6132,293,55,4,Collision,1992
6231,296,30,3,Accident,1992
6234,296,102,3,Accident,1992
6235,296,92,3,Accident,1992
6236,296,127,3,Accident,1992
6237,296,130,3,Accident,1992
6050,290,122,4,Collision,1992
6049,290,91,4,Collision,1992
6071,291,123,4,Collision,1992
6073,291,84,4,Collision,1992
6413,302,119,4,Collision,1992
6420,302,65,3,Accident,1992
6466,304,95,4,Collision,1992
6467,304,102,4,Collision,1992
6471,304,94,3,Accident,1992
6472,304,129,3,Accident,1992
6438,303,92,4,Collision,1992
6360,300,129,3,Accident,1992
6331,299,65,4,Collision,1992
6328,299,123,4,Collision,1992
6326,299,131,4,Collision,1992
6324,299,129,4,Collision,1992
6323,299,88,4,Collision,1992
6325,299,91,4,Collision,1992
6330,299,99,4,Collision,1992
6322,299,92,4,Collision,1992
6329,299,100,4,Collision,1992
5726,278,77,4,Collision,1993
5735,278,109,3,Accident,1993
5624,274,117,4,Collision,1993
5630,274,121,4,Collision,1993
5631,274,77,4,Collision,1993
5632,274,84,4,Collision,1993
5633,274,120,4,Collision,1993
5625,274,104,4,Collision,1993
5600,273,120,4,Collision,1993
5601,273,88,4,Collision,1993
5603,273,71,4,Collision,1993
5605,273,121,4,Collision,1993
5604,273,70,4,Collision,1993
5651,275,112,4,Collision,1993
5658,275,91,4,Collision,1993
5659,275,121,4,Collision,1993
5935,286,118,3,Accident,1993
5936,286,119,3,Accident,1993
5939,286,87,3,Accident,1993
5941,286,77,3,Accident,1993
5914,285,84,4,Collision,1993
5915,285,102,4,Collision,1993
5916,285,88,4,Collision,1993
5918,285,109,4,Collision,1993
5919,285,22,4,Collision,1993
5920,285,124,4,Collision,1993
5917,285,118,4,Collision,1993
5986,288,109,3,Accident,1993
5991,288,56,3,Accident,1993
5994,288,83,3,Accident,1993
5955,287,84,4,Collision,1993
5960,287,118,4,Collision,1993
5968,287,30,4,Collision,1993
5970,287,110,4,Collision,1993
5894,284,70,82,Injury,1993
5838,282,88,4,Collision,1993
5839,282,121,4,Collision,1993
5878,284,77,4,Collision,1993
5879,284,87,4,Collision,1993
5855,283,94,3,Accident,1993
5868,283,22,3,Accident,1993
5297,262,79,3,Accident,1994
5275,261,85,82,Injury,1994
5317,263,55,4,Collision,1994
5318,263,22,4,Collision,1994
5322,263,81,4,Collision,1994
5323,263,44,4,Collision,1994
5152,257,84,4,Collision,1994
5248,260,91,82,Injury,1994
5179,258,91,4,Collision,1994
5180,258,105,4,Collision,1994
5190,258,102,4,Collision,1994
5191,258,78,4,Collision,1994
5192,258,87,4,Collision,1994
5153,257,56,4,Collision,1994
5154,257,50,4,Collision,1994
5155,257,103,4,Collision,1994
5163,257,106,3,Accident,1994
5164,257,92,3,Accident,1994
5243,260,57,4,Collision,1994
5244,260,71,4,Collision,1994
5221,259,22,82,Injury,1994
5245,260,81,4,Collision,1994
5246,260,94,4,Collision,1994
5218,259,109,4,Collision,1994
5216,259,102,3,Accident,1994
5220,259,107,3,Accident,1994
5219,259,83,4,Collision,1994
5491,269,55,4,Collision,1994
5492,269,101,4,Collision,1994
5573,272,71,4,Collision,1994
5574,272,30,4,Collision,1994
5568,272,87,3,Accident,1994
5545,271,116,4,Collision,1994
5546,271,94,4,Collision,1994
5406,266,110,4,Collision,1994
5407,266,81,4,Collision,1994
5410,266,79,4,Collision,1994
5411,266,56,4,Collision,1994
5412,266,22,4,Collision,1994
5375,265,87,4,Collision,1994
5376,265,57,4,Collision,1994
5377,265,49,4,Collision,1994
5378,265,56,4,Collision,1994
5380,265,65,4,Collision,1994
5381,265,110,4,Collision,1994
5382,265,94,4,Collision,1994
5383,265,70,4,Collision,1994
5384,265,105,4,Collision,1994
5379,265,22,4,Collision,1994
5467,268,70,4,Collision,1994
5468,268,81,4,Collision,1994
5466,268,50,4,Collision,1994
4860,245,84,4,Collision,1995
4874,245,57,4,Collision,1995
4873,245,65,4,Collision,1995
4861,245,77,4,Collision,1995
4909,247,22,4,Collision,1995
4912,247,30,4,Collision,1995
4913,247,71,4,Collision,1995
4896,246,89,4,Collision,1995
4897,246,79,4,Collision,1995
4758,241,63,4,Collision,1995
4759,241,88,4,Collision,1995
4768,241,85,4,Collision,1995
4769,241,57,4,Collision,1995
4770,241,92,4,Collision,1995
4772,241,69,4,Collision,1995
4771,241,91,4,Collision,1995
4737,240,65,4,Collision,1995
4745,240,44,4,Collision,1995
5060,253,96,4,Collision,1995
5065,253,87,3,Accident,1995
5129,256,30,4,Collision,1995
5130,256,55,4,Collision,1995
5133,256,14,3,Accident,1995
5138,256,57,73,Injured,1995
5114,255,88,3,Accident,1995
5041,252,79,4,Collision,1995
5018,251,90,3,Accident,1995
5010,251,30,4,Collision,1995
5011,251,71,4,Collision,1995
5017,251,85,3,Accident,1995
4495,229,63,4,Collision,1996
4500,229,69,4,Collision,1996
4497,229,56,4,Collision,1996
4498,229,35,4,Collision,1996
4509,229,83,4,Collision,1996
4510,229,21,4,Collision,1996
4496,229,57,4,Collision,1996
4543,231,83,4,Collision,1996
4554,231,73,4,Collision,1996
4512,229,85,82,Injury,1996
4529,230,21,4,Collision,1996
4530,230,14,4,Collision,1996
4531,230,73,4,Collision,1996
4532,230,83,4,Collision,1996
4528,230,44,4,Collision,1996
4555,231,79,4,Collision,1996
4398,224,55,4,Collision,1996
4399,224,84,4,Collision,1996
4400,224,65,4,Collision,1996
4464,227,44,4,Collision,1996
4466,227,55,4,Collision,1996
4439,226,84,4,Collision,1996
4440,226,58,4,Collision,1996
4445,226,69,4,Collision,1996
4657,236,49,4,Collision,1996
4658,236,65,4,Collision,1996
4659,236,44,4,Collision,1996
4656,236,50,3,Accident,1996
4714,239,56,4,Collision,1996
4697,238,57,4,Collision,1996
4699,238,64,4,Collision,1996
4639,235,64,4,Collision,1996
4640,235,63,4,Collision,1996
4619,234,50,4,Collision,1996
4115,211,71,4,Collision,1997
4114,211,57,4,Collision,1997
4167,214,14,4,Collision,1997
4155,213,23,3,Accident,1997
4157,213,35,3,Accident,1997
4159,213,56,3,Accident,1997
4023,207,35,4,Collision,1997
4050,208,76,3,Accident,1997
4024,207,56,4,Collision,1997
4025,207,65,4,Collision,1997
4090,210,75,4,Collision,1997
4091,210,71,4,Collision,1997
4067,209,21,4,Collision,1997
4071,209,30,4,Collision,1997
4072,209,14,4,Collision,1997
4334,221,79,4,Collision,1997
4335,221,21,4,Collision,1997
4336,221,23,4,Collision,1997
4311,220,56,4,Collision,1997
4312,220,55,4,Collision,1997
4376,223,30,4,Collision,1997
4358,222,81,82,Injury,1997
4287,219,65,4,Collision,1997
4225,216,56,4,Collision,1997
4221,216,65,3,Accident,1997
4222,216,64,3,Accident,1997
4224,216,49,4,Collision,1997
4286,219,23,4,Collision,1997
4203,215,49,4,Collision,1997
4248,217,76,3,Accident,1997
3784,196,49,4,Collision,1998
3762,195,21,4,Collision,1998
3761,195,56,4,Collision,1998
3807,197,15,4,Collision,1998
3803,197,63,3,Accident,1998
3806,197,55,4,Collision,1998
3674,191,23,4,Collision,1998
3675,191,76,4,Collision,1998
3688,192,65,82,Injury,1998
3717,193,65,4,Collision,1998
3716,193,35,4,Collision,1998
3925,203,21,4,Collision,1998
3926,203,30,4,Collision,1998
3932,203,57,4,Collision,1998
3933,203,25,4,Collision,1998
3934,203,65,4,Collision,1998
3935,203,22,4,Collision,1998
3936,203,44,4,Collision,1998
3938,203,73,4,Collision,1998
3937,203,63,4,Collision,1998
3997,206,68,4,Collision,1998
3998,206,74,4,Collision,1998
3867,200,21,4,Collision,1998
3868,200,55,4,Collision,1998
3871,200,64,4,Collision,1998
3872,200,63,4,Collision,1998
3874,200,68,4,Collision,1998
3434,180,15,4,Collision,1999
3433,180,55,4,Collision,1999
3339,176,64,4,Collision,1999
3346,176,71,4,Collision,1999
3317,175,15,4,Collision,1999
3323,175,71,4,Collision,1999
3316,175,48,4,Collision,1999
3391,178,71,4,Collision,1999
3608,188,70,4,Collision,1999
3610,188,25,4,Collision,1999
3611,188,64,4,Collision,1999
3585,187,69,4,Collision,1999
3589,187,48,4,Collision,1999
3632,189,71,4,Collision,1999
3522,184,35,4,Collision,1999
3523,184,64,4,Collision,1999
3061,163,15,4,Collision,2000
3058,163,23,4,Collision,2000
3056,163,56,4,Collision,2000
3051,163,65,4,Collision,2000
3052,163,25,4,Collision,2000
3038,162,55,4,Collision,2000
3039,162,37,4,Collision,2000
3097,165,23,4,Collision,2000
3098,165,35,4,Collision,2000
3100,165,37,4,Collision,2000
3302,174,2,4,Collision,2000
3259,172,15,4,Collision,2000
3231,171,65,4,Collision,2000
3232,171,22,4,Collision,2000
3233,171,14,4,Collision,2000
3234,171,15,4,Collision,2000
3235,171,49,4,Collision,2000
3236,171,37,4,Collision,2000
3301,174,37,4,Collision,2000
3303,174,64,4,Collision,2000
3147,167,30,4,Collision,2000
3148,167,15,4,Collision,2000
3149,167,21,4,Collision,2000
3215,170,15,4,Collision,2000
3142,167,2,4,Collision,2000
3167,168,64,4,Collision,2000
3143,167,55,4,Collision,2000
3170,168,30,4,Collision,2000
3168,168,55,4,Collision,2000
3171,168,21,4,Collision,2000
2665,145,37,4,Collision,2001
2666,145,49,4,Collision,2001
2710,147,2,4,Collision,2001
2731,148,56,4,Collision,2001
2732,148,21,4,Collision,2001
2726,148,31,3,Accident,2001
2730,148,2,4,Collision,2001
2702,147,49,3,Accident,2001
2574,141,23,4,Collision,2001
2575,141,35,4,Collision,2001
2616,143,31,4,Collision,2001
2617,143,50,4,Collision,2001
2621,143,22,4,Collision,2001
2886,155,15,4,Collision,2001
2863,154,54,4,Collision,2001
2859,154,37,4,Collision,2001
2860,154,2,4,Collision,2001
2862,154,56,4,Collision,2001
2929,157,8,4,Collision,2001
2930,157,55,4,Collision,2001
2796,151,15,4,Collision,2001
2797,151,44,4,Collision,2001
2820,152,37,4,Collision,2001
2818,152,41,4,Collision,2001
2819,152,2,4,Collision,2001
2320,129,2,4,Collision,2002
2321,129,11,4,Collision,2002
2325,129,59,4,Collision,2002
2341,130,44,4,Collision,2002
2342,130,18,4,Collision,2002
2345,130,8,4,Collision,2002
2340,130,13,3,Accident,2002
2346,130,62,3,Accident,2002
2348,130,66,3,Accident,2002
2209,124,22,4,Collision,2002
2210,124,23,4,Collision,2002
2211,124,21,4,Collision,2002
2212,124,13,4,Collision,2002
2213,124,2,4,Collision,2002
2214,124,18,4,Collision,2002
2215,124,44,4,Collision,2002
2216,124,66,4,Collision,2002
2254,126,13,4,Collision,2002
2513,138,13,4,Collision,2002
2514,138,37,4,Collision,2002
2555,140,13,3,Accident,2002
2556,140,66,73,Injured,2002
2390,132,31,4,Collision,2002
2391,132,14,4,Collision,2002
2392,132,21,3,Accident,2002
2430,134,44,3,Accident,2002
2435,134,21,82,Injury,2002
1970,112,14,4,Collision,2003
1972,112,15,4,Collision,2003
1974,112,8,4,Collision,2003
2014,114,18,73,Injured,2003
2030,115,15,3,Accident,2003
2013,114,49,3,Accident,2003
1893,108,52,3,Accident,2003
1894,108,22,3,Accident,2003
1931,110,44,4,Collision,2003
1923,110,17,3,Accident,2003
1926,110,18,3,Accident,2003
1928,110,30,3,Accident,2003
1929,110,31,3,Accident,2003
1930,110,42,3,Accident,2003
2174,122,22,4,Collision,2003
2171,122,44,3,Accident,2003
2172,122,17,3,Accident,2003
2173,122,23,3,Accident,2003
2110,119,23,3,Accident,2003
2111,119,49,3,Accident,2003
2112,119,22,3,Accident,2003
2113,119,8,3,Accident,2003
2114,119,52,3,Accident,2003
2105,119,17,3,Accident,2003
1626,95,4,3,Accident,2004
1634,95,32,3,Accident,2004
1625,95,30,4,Collision,2004
1632,95,14,4,Collision,2004
1633,95,21,4,Collision,2004
1693,98,45,4,Collision,2004
1691,98,32,4,Collision,2004
1692,98,13,4,Collision,2004
1694,98,46,4,Collision,2004
1653,96,23,4,Collision,2004
1654,96,43,4,Collision,2004
1665,97,13,3,Accident,2004
1592,93,43,3,Accident,2004
1811,104,45,3,Accident,2004
1814,104,44,4,Collision,2004
1791,103,17,4,Collision,2004
1792,103,11,4,Collision,2004
1793,103,46,4,Collision,2004
1794,103,45,4,Collision,2004
1832,105,23,4,Collision,2004
1872,107,17,4,Collision,2004
1789,103,47,4,Collision,2004
1852,106,14,4,Collision,2004
1853,106,22,4,Collision,2004
1788,103,18,4,Collision,2004
1834,105,32,4,Collision,2004
1732,100,15,3,Accident,2004
1734,100,44,3,Accident,2004
1265,77,8,3,Accident,2005
1274,77,17,3,Accident,2005
1251,76,24,3,Accident,2005
1252,76,40,3,Accident,2005
1253,76,14,3,Accident,2005
1287,78,18,3,Accident,2005
1173,72,21,4,Collision,2005
1174,72,17,4,Collision,2005
1156,71,30,3,Accident,2005
1157,71,2,3,Accident,2005
1216,74,21,3,Accident,2005
1449,86,42,4,Collision,2005
1450,86,15,3,Accident,2005
1452,86,30,3,Accident,2005
1453,86,11,3,Accident,2005
1454,86,21,3,Accident,2005
1448,86,31,4,Collision,2005
1473,87,42,3,Accident,2005
1512,89,39,3,Accident,2005
1491,88,42,3,Accident,2005
1492,88,15,3,Accident,2005
1493,88,31,3,Accident,2005
1474,87,14,3,Accident,2005
1394,83,32,3,Accident,2005
1393,83,14,3,Accident,2005
851,57,14,3,Accident,2006
852,57,24,3,Accident,2006
893,59,3,3,Accident,2006
939,61,3,3,Accident,2006
933,61,11,3,Accident,2006
934,61,35,3,Accident,2006
936,61,31,3,Accident,2006
940,61,27,3,Accident,2006
917,60,23,3,Accident,2006
916,60,26,3,Accident,2006
918,60,17,3,Accident,2006
786,54,8,3,Accident,2006
830,56,27,3,Accident,2006
802,55,24,3,Accident,2006
803,55,30,3,Accident,2006
805,55,32,3,Accident,2006
806,55,15,3,Accident,2006
807,55,3,3,Accident,2006
808,55,13,3,Accident,2006
1090,68,13,4,Collision,2006
1050,66,33,4,Collision,2006
1137,70,17,4,Collision,2006
1138,70,3,4,Collision,2006
1133,70,2,3,Accident,2006
1113,69,17,3,Accident,2006
1049,66,8,4,Collision,2006
953,62,33,3,Accident,2006
954,62,11,3,Accident,2006
955,62,18,3,Accident,2006
956,62,8,3,Accident,2006
957,62,2,3,Accident,2006
958,62,31,3,Accident,2006
959,62,17,3,Accident,2006
960,62,26,3,Accident,2006
961,62,32,3,Accident,2006
962,62,36,3,Accident,2006
1022,65,24,4,Collision,2006
1026,65,17,3,Accident,2006
1021,65,8,4,Collision,2006
999,64,35,3,Accident,2006
1004,64,3,3,Accident,2006
491,41,15,3,Accident,2007
492,41,24,3,Accident,2007
495,41,9,3,Accident,2007
497,41,26,3,Accident,2007
496,41,16,3,Accident,2007
476,40,16,3,Accident,2007
478,40,24,3,Accident,2007
542,43,19,4,Collision,2007
543,43,15,4,Collision,2007
544,43,24,4,Collision,2007
520,42,14,4,Collision,2007
521,42,22,4,Collision,2007
522,42,23,4,Collision,2007
412,37,16,4,Collision,2007
386,36,25,4,Collision,2007
387,36,14,4,Collision,2007
390,36,27,3,Accident,2007
456,39,25,4,Collision,2007
433,38,18,4,Collision,2007
434,38,26,4,Collision,2007
691,50,11,4,Collision,2007
695,50,20,4,Collision,2007
696,50,17,4,Collision,2007
698,50,25,4,Collision,2007
697,50,4,3,Accident,2007
741,52,29,4,Collision,2007
742,52,21,4,Collision,2007
737,52,5,3,Accident,2007
719,51,16,3,Accident,2007
582,45,23,4,Collision,2007
563,44,26,3,Accident,2007
608,46,19,3,Accident,2007
610,46,29,3,Accident,2007
654,48,14,3,Accident,2007
19,18,19,4,Collision,2008
247,29,16,3,Accident,2008
248,29,4,4,Collision,2008
206,27,22,4,Collision,2008
328,33,14,4,Collision,2008
367,35,12,3,Accident,2008
368,35,14,4,Collision,2008
348,34,15,4,Collision,2008
288,31,21,3,Accident,2008
308,32,12,3,Accident,2008
305,32,16,3,Accident,2008
303,32,8,3,Accident,2008
65,20,18,4,Collision,2008
83,21,5,3,Accident,2008
88,21,20,4,Collision,2008
87,21,16,4,Collision,2008
86,21,12,4,Collision,2008
85,21,7,4,Collision,2008
82,21,22,4,Collision,2008
10,18,10,3,Accident,2008
21,18,21,4,Collision,2008
20,18,20,4,Collision,2008
18,18,18,4,Collision,2008
17,18,17,4,Collision,2008
14,18,14,4,Collision,2008
9,18,9,4,Collision,2008
43,19,10,4,Collision,2008
143,24,6,3,Accident,2008
147,24,1,4,Collision,2008
146,24,8,4,Collision,2008
188,26,14,4,Collision,2008
187,26,20,4,Collision,2008
168,25,18,4,Collision,2008
108,22,21,4,Collision,2008
107,22,6,4,Collision,2008
127,23,14,3,Accident,2008
125,23,12,3,Accident,2008
124,23,3,3,Accident,2008
128,23,7,4,Collision,2008
123,23,16,4,Collision,2008
7791,12,154,4,Collision,2009
7793,12,153,4,Collision,2009
7792,12,1,4,Collision,2009
7790,12,18,4,Collision,2009
7813,13,17,4,Collision,2009
7873,16,4,3,Accident,2009
7872,16,15,3,Accident,2009
7871,16,16,3,Accident,2009
7868,16,6,3,Accident,2009
7853,15,10,73,Injured,2009
7831,14,16,4,Collision,2009
7832,14,2,4,Collision,2009
7851,15,153,3,Accident,2009
7805,13,1,3,Accident,2009
7613,3,15,4,Collision,2009
7571,1,6,3,Accident,2009
7572,1,5,4,Collision,2009
7567,1,9,4,Collision,2009
7566,1,20,4,Collision,2009
7712,8,7,4,Collision,2009
7713,8,5,4,Collision,2009
7652,5,7,4,Collision,2009
7651,5,67,4,Collision,2009
7650,5,15,4,Collision,2009
7653,5,16,4,Collision,2009
7671,6,20,3,Accident,2009
7668,6,6,3,Accident,2009
7673,6,67,4,Collision,2009
7669,6,5,3,Accident,2009
7672,6,12,4,Collision,2009
20632,349,18,4,Collision,2010
20631,349,4,3,Accident,2010
20634,349,22,4,Collision,2010
20657,350,1,4,Collision,2010
20560,346,37,4,Collision,2010
20582,347,5,4,Collision,2010
20586,347,67,4,Collision,2010
20609,348,16,4,Collision,2010
20754,354,24,3,Accident,2010
20729,353,17,3,Accident,2010
20727,353,810,3,Accident,2010
20724,353,808,3,Accident,2010
20730,353,3,4,Collision,2010
20778,355,24,4,Collision,2010
20777,355,30,4,Collision,2010
20726,353,67,4,Collision,2010
20722,353,16,4,Collision,2010
20680,351,811,3,Accident,2010
20679,351,155,3,Accident,2010
20682,351,24,4,Collision,2010
20677,351,1,4,Collision,2010
20676,351,2,4,Collision,2010
20725,353,10,4,Collision,2010
20702,352,807,3,Accident,2010
20705,352,24,3,Accident,2010
20704,352,808,3,Accident,2010
20703,352,13,3,Accident,2010
20417,340,24,3,Accident,2010
20416,340,155,3,Accident,2010
20415,340,67,3,Accident,2010
20440,341,37,4,Collision,2010
20346,337,812,3,Accident,2010
20369,338,155,4,Collision,2010
20368,338,807,4,Collision,2010
20367,338,67,4,Collision,2010
20441,341,811,3,Accident,2010
20514,344,155,3,Accident,2010
20538,345,17,4,Collision,2010
20537,345,5,4,Collision,2010
20457,342,15,4,Collision,2010
20456,342,812,4,Collision,2010
20488,343,20,4,Collision,2010
21087,853,24,4,Collision,2011
21083,853,17,3,Accident,2011
21086,853,3,4,Collision,2011
21085,853,808,4,Collision,2011
21111,854,10,3,Accident,2011
21110,854,30,3,Accident,2011
21108,854,153,3,Accident,2011
21061,852,1,4,Collision,2011
21015,850,2,4,Collision,2011
21063,852,153,4,Collision,2011
21183,857,155,4,Collision,2011
21182,857,10,4,Collision,2011
21159,856,30,4,Collision,2011
21158,856,808,4,Collision,2011
20797,841,30,4,Collision,2011
20795,841,3,4,Collision,2011
20895,845,5,3,Accident,2011
20821,842,815,3,Accident,2011
20819,842,816,3,Accident,2011
20817,842,808,3,Accident,2011
20988,849,67,3,Accident,2011
20917,846,13,3,Accident,2011
20914,846,813,3,Accident,2011
20916,846,153,4,Collision,2011
20915,846,808,4,Collision,2011
23541,846,815,82,Injury,2011
20940,847,16,3,Accident,2011
20939,847,2,3,Accident,2011
20937,847,814,3,Accident,2011
20943,847,1,4,Collision,2011
20941,847,4,4,Collision,2011
21563,873,818,4,Collision,2012
21564,873,30,4,Collision,2012
21591,874,3,4,Collision,2012
21590,874,4,4,Collision,2012
21566,873,39,3,Accident,2012
21519,871,154,4,Collision,2012
21518,871,1,4,Collision,2012
21517,871,4,4,Collision,2012
21516,871,815,4,Collision,2012
21515,871,813,4,Collision,2012
21710,879,811,4,Collision,2012
21663,877,807,4,Collision,2012
21662,877,3,4,Collision,2012
21661,877,39,4,Collision,2012
21659,877,17,4,Collision,2012
21658,877,154,4,Collision,2012
21708,879,154,3,Accident,2012
21706,879,814,3,Accident,2012
21711,879,815,4,Collision,2012
21709,879,813,4,Collision,2012
21707,879,1,4,Collision,2012
21615,875,18,4,Collision,2012
21614,875,3,4,Collision,2012
21639,876,815,3,Accident,2012
21638,876,37,3,Accident,2012
21351,864,30,4,Collision,2012
21350,864,811,4,Collision,2012
21244,860,813,3,Accident,2012
21253,860,807,4,Collision,2012
21248,860,13,4,Collision,2012
21247,860,811,4,Collision,2012
21279,861,154,4,Collision,2012
21252,860,154,4,Collision,2012
21422,867,818,4,Collision,2012
21421,867,155,4,Collision,2012
21418,867,1,4,Collision,2012
21446,868,814,4,Collision,2012
21445,868,815,4,Collision,2012
21375,865,154,3,Accident,2012
21374,865,813,3,Accident,2012
21373,865,37,3,Accident,2012
21372,865,155,3,Accident,2012
21367,865,18,4,Collision,2012
21997,893,817,3,Accident,2013
21995,893,814,3,Accident,2013
22018,894,17,4,Collision,2013
22017,894,16,4,Collision,2013
21975,892,814,3,Accident,2013
21951,891,814,4,Collision,2013
22085,897,8,3,Accident,2013
22107,898,16,3,Accident,2013
22128,899,822,3,Accident,2013
22041,895,824,3,Accident,2013
22040,895,823,3,Accident,2013
22063,896,823,4,Collision,2013
21776,882,16,4,Collision,2013
21777,882,821,4,Collision,2013
21755,881,4,4,Collision,2013
21839,885,817,4,Collision,2013
21838,885,154,4,Collision,2013
21841,885,813,4,Collision,2013
21842,885,13,3,Accident,2013
21819,884,818,3,Accident,2013
21863,886,821,3,Accident,2013
21865,886,823,4,Collision,2013
21864,886,807,4,Collision,2013
22416,912,820,3,Accident,2014
22349,909,13,4,Collision,2014
22371,910,828,3,Accident,2014
22370,910,154,3,Accident,2014
22369,910,807,3,Accident,2014
22368,910,815,3,Accident,2014
22499,916,16,4,Collision,2014
22459,914,16,3,Accident,2014
22458,914,824,3,Accident,2014
22195,902,16,4,Collision,2014
22192,902,821,4,Collision,2014
22150,900,155,4,Collision,2014
22149,900,13,4,Collision,2014
22327,908,8,4,Collision,2014
22326,908,13,4,Collision,2014
22325,908,821,4,Collision,2014
22260,905,815,4,Collision,2014
22254,905,821,3,Accident,2014
22257,905,16,3,Accident,2014
22283,906,824,4,Collision,2014
22282,906,820,4,Collision,2014
22273,906,13,4,Collision,2014
22272,906,815,4,Collision,2014
22795,939,807,4,Collision,2015
22874,943,20,3,Accident,2015
22875,943,8,4,Collision,2015
22916,945,813,4,Collision,2015
22832,941,154,3,Accident,2015
22835,941,828,4,Collision,2015
22834,941,807,4,Collision,2015
22827,941,822,4,Collision,2015
22850,942,807,3,Accident,2015
22849,942,826,3,Accident,2015
22552,926,813,3,Accident,2015
22634,930,813,3,Accident,2015
22695,933,4,4,Collision,2015
22694,933,8,4,Collision,2015
22714,934,154,4,Collision,2015
22713,934,18,4,Collision,2015
22712,934,813,4,Collision,2015
22653,931,830,3,Accident,2015
23245,962,807,4,Collision,2016
23198,960,825,3,Accident,2016
23268,963,20,4,Collision,2016
23334,966,836,4,Collision,2016
23352,967,13,4,Collision,2016
23355,967,828,4,Collision,2016
23354,967,8,4,Collision,2016
23312,965,807,4,Collision,2016
23002,951,20,4,Collision,2016
23003,951,807,4,Collision,2016
23004,951,837,4,Collision,2016
23026,952,3,4,Collision,2016
23025,952,1,4,Collision,2016
22937,948,4,4,Collision,2016
22936,948,821,4,Collision,2016
23048,953,835,3,Accident,2016
23047,953,8,3,Accident,2016
23046,953,826,3,Accident,2016
23044,953,830,3,Accident,2016
23042,953,828,4,Collision,2016
23656,982,828,3,Accident,2017
23657,982,826,3,Accident,2017
23660,982,830,3,Accident,2017
23659,982,20,3,Accident,2017
23661,982,8,3,Accident,2017
23601,979,817,4,Collision,2017
23621,980,836,4,Collision,2017
23759,987,839,3,Accident,2017
23760,987,838,3,Accident,2017
23761,987,825,3,Accident,2017
23701,984,832,3,Accident,2017
23699,984,828,3,Accident,2017
23720,985,836,4,Collision,2017
23435,971,840,4,Collision,2017
23434,971,832,4,Collision,2017
23456,972,835,4,Collision,2017
23476,973,838,4,Collision,2017
23457,972,154,4,Collision,2017
23417,970,841,3,Accident,2017
23418,970,840,4,Collision,2017
23535,976,807,3,Accident,2017
23495,974,828,3,Accident,2017
23494,974,838,3,Accident,2017
23497,974,836,4,Collision,2017
23518,975,832,4,Collision,2017
23517,975,13,4,Collision,2017
24082,1003,839,4,Collision,2018
24000,999,20,3,Accident,2018
24042,1001,807,3,Accident,2018
24041,1001,4,3,Accident,2018
24040,1001,844,3,Accident,2018
24182,1008,828,4,Collision,2018
24202,1009,807,4,Collision,2018
24140,1006,4,4,Collision,2018
23858,992,817,4,Collision,2018
23857,992,830,4,Collision,2018
23860,992,839,4,Collision,2018
23861,992,845,4,Collision,2018
23856,992,154,3,Accident,2018
23859,992,807,3,Accident,2018
23881,993,807,4,Collision,2018
23880,993,842,4,Collision,2018
23879,993,154,4,Collision,2018
23980,998,828,3,Accident,2018
23979,998,832,4,Collision,2018
23978,998,154,4,Collision,2018
23941,996,842,4,Collision,2018
23900,994,843,4,Collision,2018
23899,994,844,4,Collision,2018
23940,996,839,4,Collision,2018
23921,995,840,4,Collision,2018
23920,995,843,4,Collision,2018
24505,1024,847,4,Collision,2019
24503,1024,8,4,Collision,2019
24422,1020,844,3,Accident,2019
24421,1020,807,3,Accident,2019
24420,1020,822,3,Accident,2019
24419,1020,842,4,Collision,2019
24465,1022,830,3,Accident,2019
24463,1022,841,3,Accident,2019
24524,1025,817,4,Collision,2019
24603,1029,844,4,Collision,2019
24602,1029,20,4,Collision,2019
24525,1025,154,4,Collision,2019
24281,1013,826,4,Collision,2019
24282,1013,817,4,Collision,2019
24261,1012,826,4,Collision,2019
24260,1012,846,4,Collision,2019
24302,1014,846,4,Collision,2019
24301,1014,840,4,Collision,2019
24405,1019,825,4,Collision,2019
24404,1019,154,4,Collision,2019
24325,1015,844,4,Collision,2019
24845,1041,847,4,Collision,2020
24800,1039,849,4,Collision,2020
24801,1039,825,4,Collision,2020
24802,1039,841,4,Collision,2020
24804,1039,830,4,Collision,2020
24805,1039,842,4,Collision,2020
24824,1040,832,3,Accident,2020
24825,1040,840,4,Collision,2020
24881,1043,847,3,Accident,2020
24945,1046,844,4,Collision,2020
24944,1046,830,3,Accident,2020
24925,1045,154,4,Collision,2020
24924,1045,840,4,Collision,2020
24803,1039,832,4,Collision,2020
24703,1034,826,3,Accident,2020
24704,1034,825,4,Collision,2020
24763,1037,841,3,Accident,2020
24783,1038,844,3,Accident,2020
25264,1066,849,3,Accident,2021
25243,1065,830,4,Collision,2021
25242,1065,1,4,Collision,2021
25383,1072,853,4,Collision,2021
25401,1073,849,3,Accident,2021
25382,1072,815,4,Collision,2021
25385,1072,854,3,Accident,2021
25384,1072,847,4,Collision,2021
25325,1070,852,4,Collision,2021
25324,1070,854,4,Collision,2021
25184,1062,840,4,Collision,2021
24985,1052,853,3,Accident,2021
25005,1053,849,4,Collision,2021
25004,1053,847,4,Collision,2021
25003,1053,822,4,Collision,2021
25145,1060,839,4,Collision,2021
25142,1060,20,4,Collision,2021
25182,1062,815,4,Collision,2021
25181,1062,822,4,Collision,2021
25180,1062,846,4,Collision,2021
25179,1062,853,4,Collision,2021
25165,1061,830,4,Collision,2021
25183,1062,844,4,Collision,2021
25084,1057,840,3,Accident,2021
25083,1057,830,3,Accident,2021
25125,1058,842,4,Collision,2021
25684,1087,822,3,Accident,2022
25644,1085,844,3,Accident,2022
25825,1095,817,4,Collision,2022
25824,1095,825,4,Collision,2022
25740,1091,852,3,Accident,2022
25745,1091,855,4,Collision,2022
25764,1092,832,3,Accident,2022
25783,1093,840,4,Collision,2022
25464,1076,20,3,Accident,2022
25485,1077,832,4,Collision,2022
25504,1078,846,4,Collision,2022
25502,1078,20,4,Collision,2022
25443,1075,849,3,Accident,2022
25583,1082,852,3,Accident,2022
25605,1083,848,4,Collision,2022
25604,1083,855,4,Collision,2022
25603,1083,847,4,Collision,2022
25544,1080,854,3,Accident,2022
