,year,round,sum entrants,raceId,resultId,driverId,forename,surname,statusId,status
0,1950,1,23,,,,,,,
1,1950,2,21,,,,,,,
2,1950,3,35,,,,,,,
3,1950,4,18,,,,,,,
4,1950,5,14,,,,,,,
5,1950,6,20,,,,,,,
6,1950,7,29,,,,,,,
7,1951,1,21,,,,,,,
8,1951,2,34,,,,,,,
9,1951,3,13,,,,,,,
10,1951,4,26,,,,,,,
11,1951,5,20,,,,,,,
12,1951,6,22,,,,,,,
13,1951,7,23,,,,,,,
14,1951,8,20,,,,,,,
15,1952,1,22,,,,,,,
16,1952,2,33,,,,,,,
17,1952,3,22,,,,,,,
18,1952,4,22,,,,,,,
19,1952,5,32,,,,,,,
20,1952,6,30,,,,,,,
21,1952,7,19,,,,,,,
22,1952,8,35,,,,,,,
23,1953,1,17,,,,,,,
24,1953,2,47,,,,,,,
25,1953,3,20,,,,,,,
26,1953,4,21,,,,,,,
27,1953,5,25,,,,,,,
28,1953,6,27,,,,,,,
29,1953,7,36,,,,,,,
30,1953,8,22,,,,,,,
31,1953,9,31,,,,,,,
32,1954,1,18,,,,,,,
33,1954,2,55,,,,,,,
34,1954,3,15,,,,,,,
35,1954,4,22,,,,,,,
36,1954,5,34,,,,,,,
37,1954,6,24,,,,,,,
38,1954,7,17,,,,,,,
39,1954,8,22,,,,,,,
40,1954,9,23,,,,,,,
41,1955,1,35,,,,,,,
42,1955,2,26,,,,,,,
43,1955,3,35,,,,,,,
44,1955,4,17,,,,,,,
45,1955,5,16,,,,,,,
46,1955,6,28,,,,,,,
47,1955,7,23,,,,,,,
48,1956,1,16,,,,,,,
49,1956,2,21,,,,,,,
50,1956,3,34,,,,,,,
51,1956,4,16,,,,,,,
52,1956,5,22,,,,,,,
53,1956,6,30,,,,,,,
54,1956,7,22,,,,,,,
55,1956,8,29,,,,,,,
56,1957,1,17,,,,,,,
57,1957,2,23,,,,,,,
58,1957,3,33,,,,,,,
59,1957,4,16,,,,,,,
60,1957,5,22,,,,,,,
61,1957,6,24,,,,,,,
62,1957,7,16,,,,,,,
63,1957,8,20,,,,,,,
64,1958,1,10,,,,,,,
65,1958,2,31,,,,,,,
66,1958,3,18,,,,,,,
67,1958,4,33,,,,,,,
68,1958,5,19,,,,,,,
69,1958,6,22,,,,,,,
70,1958,7,20,,,,,,,
71,1958,8,26,,,,,,,
72,1958,9,15,,,,,,,
73,1958,10,22,,,,,,,
74,1958,11,25,,,,,,,
75,1959,1,24,,,,,,,
76,1959,2,33,,,,,,,
77,1959,3,15,,,,,,,
78,1959,4,22,,,,,,,
79,1959,5,30,,,,,,,
80,1959,6,15,,,,,,,
81,1959,7,16,,,,,,,
82,1959,8,21,,,,,,,
83,1959,9,19,,,,,,,
84,1960,1,23,,,,,,,
85,1960,2,24,,,,,,,
86,1960,3,33,,,,,,,
87,1960,4,21,,,,,,,
88,1960,5,19,,,,,,,
89,1960,6,23,,,,,,,
90,1960,7,25,,,,,,,
91,1960,8,15,,,,,,,
92,1960,9,17,,,,,,,
93,1960,10,23,,,,,,,
94,1961,1,21,,,,,,,
95,1961,2,17,,,,,,,
96,1961,3,26,,,,,,,
97,1961,4,31,,,,,,,
98,1961,5,32,,,,,,,
99,1961,6,33,,,,,,,
100,1961,7,39,,,,,,,
101,1961,8,21,,,,,,,
102,1962,1,22,,,,,,,
103,1962,2,24,,,,,,,
104,1962,3,26,,,,,,,
105,1962,4,22,,,,,,,
106,1962,5,26,,,,,,,
107,1962,6,31,,,,,,,
108,1962,7,31,,,,,,,
109,1962,8,20,,,,,,,
110,1962,9,21,,,,,,,
111,1963,1,25,,,,,,,
112,1963,2,24,,,,,,,
113,1963,3,21,,,,,,,
114,1963,4,24,,,,,,,
115,1963,5,26,,,,,,,
116,1963,6,29,,,,,,,
117,1963,7,33,,,,,,,
118,1963,8,24,,,,,,,
119,1963,9,25,,,,,,,
120,1963,10,23,,,,,,,
121,1964,1,23,,,,,,,
122,1964,2,18,,,,,,,
123,1964,3,18,,,,,,,
124,1964,4,17,,,,,,,
125,1964,5,25,,,,,,,
126,1964,6,23,,,,,,,
127,1964,7,20,,,,,,,
128,1964,8,24,,,,,,,
129,1964,9,20,,,,,,,
130,1964,10,19,,,,,,,
131,1965,1,31,,,,,,,
132,1965,2,17,,,,,,,
133,1965,3,19,,,,,,,
134,1965,4,17,,,,,,,
135,1965,5,23,,,,,,,
136,1965,6,17,,,,,,,
137,1965,7,21,,,,,,,
138,1965,8,23,,,,,,,
139,1965,9,18,,,,,,,
140,1965,10,19,,,,,,,
141,1966,1,16,,,,,,,
142,1966,2,18,,,,,,,
143,1966,3,17,,,,,,,
144,1966,4,20,,,,,,,
145,1966,5,17,,,,,,,
146,1966,6,19,695.0,16924.0,389.0,Guy,Ligier,1.0,Injury
147,1966,7,22,,,,,,,
148,1966,8,19,,,,,,,
149,1966,9,18,,,,,,,
150,1967,1,18,,,,,,,
151,1967,2,19,,,,,,,
152,1967,3,17,,,,,,,
153,1967,4,18,,,,,,,
154,1967,5,15,,,,,,,
155,1967,6,21,,,,,,,
156,1967,7,24,,,,,,,
157,1967,8,18,,,,,,,
158,1967,9,18,,,,,,,
159,1967,10,18,,,,,,,
160,1967,11,19,,,,,,,
161,1968,1,23,,,,,,,
162,1968,2,14,,,,,,,
163,1968,3,18,,,,,,,
164,1968,4,18,,,,,,,
165,1968,5,19,,,,,,,
166,1968,6,17,,,,,,,
167,1968,7,20,,,,,,,
168,1968,8,20,,,,,,,
169,1968,9,22,,,,,,,
170,1968,10,21,,,,,,,
171,1968,11,20,,,,,,,
172,1968,12,21,,,,,,,
173,1969,1,18,,,,,,,
174,1969,2,14,,,,,,,
175,1969,3,16,,,,,,,
176,1969,4,15,,,,,,,
177,1969,5,13,,,,,,,
178,1969,6,17,,,,,,,
179,1969,7,14,,,,,,,
180,1969,8,15,,,,,,,
181,1969,9,20,,,,,,,
182,1969,10,18,,,,,,,
183,1969,11,17,,,,,,,
184,1970,1,23,,,,,,,
185,1970,2,22,,,,,,,
186,1970,3,21,,,,,,,
187,1970,4,17,,,,,,,
188,1970,5,24,,,,,,,
189,1970,6,23,,,,,,,
190,1970,7,23,,,,,,,
191,1970,8,25,,,,,,,
192,1970,9,24,,,,,,,
193,1970,10,27,,,,,,,
194,1970,11,20,,,,,,,
195,1970,12,27,,,,,,,
196,1970,13,18,,,,,,,
197,1971,1,25,,,,,,,
198,1971,2,22,,,,,,,
199,1971,3,22,,,,,,,
200,1971,4,23,,,,,,,
201,1971,5,23,,,,,,,
202,1971,6,24,,,,,,,
203,1971,7,23,,,,,,,
204,1971,8,22,,,,,,,
205,1971,9,24,,,,,,,
206,1971,10,26,,,,,,,
207,1971,11,29,,,,,,,
208,1972,1,22,,,,,,,
209,1972,2,26,,,,,,,
210,1972,3,26,,,,,,,
211,1972,4,25,,,,,,,
212,1972,5,25,,,,,,,
213,1972,6,25,625.0,15464.0,337.0,Helmut,Marko,1.0,Eye injury
214,1972,7,26,,,,,,,
215,1972,8,27,,,,,,,
216,1972,9,25,,,,,,,
217,1972,10,27,,,,,,,
218,1972,11,24,,,,,,,
219,1972,12,31,,,,,,,
220,1973,1,19,,,,,,,
221,1973,2,20,,,,,,,
222,1973,3,25,,,,,,,
223,1973,4,22,,,,,,,
224,1973,5,23,,,,,,,
225,1973,6,25,,,,,,,
226,1973,7,21,,,,,,,
227,1973,8,25,,,,,,,
228,1973,9,29,,,,,,,
229,1973,10,24,,,,,,,
230,1973,11,22,,,,,,,
231,1973,12,23,,,,,,,
232,1973,13,25,,,,,,,
233,1973,14,26,,,,,,,
234,1973,15,28,,,,,,,
235,1974,1,25,,,,,,,
236,1974,2,25,,,,,,,
237,1974,3,27,,,,,,,
238,1974,4,27,,,,,,,
239,1974,5,32,,,,,,,
240,1974,6,28,,,,,,,
241,1974,7,27,,,,,,,
242,1974,8,27,,,,,,,
243,1974,9,30,,,,,,,
244,1974,10,34,,,,,,,
245,1974,11,32,,,,,,,
246,1974,12,31,,,,,,,
247,1974,13,31,,,,,,,
248,1974,14,30,,,,,,,
249,1974,15,30,,,,,,,
250,1975,1,23,,,,,,,
251,1975,2,23,,,,,,,
252,1975,3,28,,,,,,,
253,1975,4,26,,,,,,,
254,1975,5,26,,,,,,,
255,1975,6,24,,,,,,,
256,1975,7,26,,,,,,,
257,1975,8,25,,,,,,,
258,1975,9,26,,,,,,,
259,1975,10,28,,,,,,,
260,1975,11,26,,,,,,,
261,1975,12,30,,,,,,,
262,1975,13,28,,,,,,,
263,1975,14,24,,,,,,,
264,1976,1,22,,,,,,,
265,1976,2,25,,,,,,,
266,1976,3,27,,,,,,,
267,1976,4,30,,,,,,,
268,1976,5,29,,,,,,,
269,1976,6,25,,,,,,,
270,1976,7,27,,,,,,,
271,1976,8,30,,,,,,,
272,1976,9,30,,,,,,,
273,1976,10,28,,,,,,,
274,1976,11,25,,,,,,,
275,1976,12,27,,,,,,,
276,1976,13,29,,,,,,,
277,1976,14,27,,,,,,,
278,1976,15,27,,,,,,,
279,1976,16,26,,,,,,,
280,1977,1,21,,,,,,,
281,1977,2,22,,,,,,,
282,1977,3,23,,,,,,,
283,1977,4,22,,,,,,,
284,1977,5,31,547.0,13363.0,182.0,Niki,Lauda,1.0,Injured
285,1977,6,26,,,,,,,
286,1977,7,31,,,,,,,
287,1977,8,31,,,,,,,
288,1977,9,30,,,,,,,
289,1977,10,36,,,,,,,
290,1977,11,29,,,,,,,
291,1977,12,30,,,,,,,
292,1977,13,34,,,,,,,
293,1977,14,34,,,,,,,
294,1977,15,27,,,,,,,
295,1977,16,27,,,,,,,
296,1977,17,23,,,,,,,
297,1978,1,27,,,,,,,
298,1978,2,28,,,,,,,
299,1978,3,30,,,,,,,
300,1978,4,30,,,,,,,
301,1978,5,30,,,,,,,
302,1978,6,30,,,,,,,
303,1978,7,29,,,,,,,
304,1978,8,27,,,,,,,
305,1978,9,29,,,,,,,
306,1978,10,30,,,,,,,
307,1978,11,30,,,,,,,
308,1978,12,31,,,,,,,
309,1978,13,33,,,,,,,
310,1978,14,32,,,,,,,
311,1978,15,27,,,,,,,
312,1978,16,28,,,,,,,
313,1979,1,26,,,,,,,
314,1979,2,26,,,,,,,
315,1979,3,26,,,,,,,
316,1979,4,26,,,,,,,
317,1979,5,27,,,,,,,
318,1979,6,28,,,,,,,
319,1979,7,25,,,,,,,
320,1979,8,27,,,,,,,
321,1979,9,26,,,,,,,
322,1979,10,26,,,,,,,
323,1979,11,26,,,,,,,
324,1979,12,26,,,,,,,
325,1979,13,28,,,,,,,
326,1979,14,30,,,,,,,
327,1979,15,30,,,,,,,
328,1980,1,28,,,,,,,
329,1980,2,28,,,,,,,
330,1980,3,28,,,,,,,
331,1980,4,27,,,,,,,
332,1980,5,27,,,,,,,
333,1980,6,27,,,,,,,
334,1980,7,27,,,,,,,
335,1980,8,27,,,,,,,
336,1980,9,26,,,,,,,
337,1980,10,26,,,,,,,
338,1980,11,29,,,,,,,
339,1980,12,28,,,,,,,
340,1980,13,28,,,,,,,
341,1980,14,27,,,,,,,
342,1981,1,29,,,,,,,
343,1981,2,30,,,,,,,
344,1981,3,29,,,,,,,
345,1981,4,32,,,,,,,
346,1981,5,31,,,,,,,
347,1981,6,31,,,,,,,
348,1981,7,30,,,,,,,
349,1981,8,29,,,,,,,
350,1981,9,30,,,,,,,
351,1981,10,30,,,,,,,
352,1981,11,28,,,,,,,
353,1981,12,30,,,,,,,
354,1981,13,30,,,,,,,
355,1981,14,30,,,,,,,
356,1981,15,30,,,,,,,
357,1982,1,31,,,,,,,
358,1982,2,31,,,,,,,
359,1982,3,31,,,,,,,
360,1982,4,14,,,,,,,
361,1982,5,32,,,,,,,
362,1982,6,31,,,,,,,
363,1982,7,29,,,,,,,
364,1982,8,29,,,,,,,
365,1982,9,31,,,,,,,
366,1982,10,30,,,,,,,
367,1982,11,29,,,,,,,
368,1982,12,29,,,,,,,
369,1982,13,29,,,,,,,
370,1982,14,29,480.0,11481.0,175.0,Patrick,Tambay,1.0,Injury
371,1982,15,30,,,,,,,
372,1982,16,30,,,,,,,
373,1983,1,28,,,,,,,
374,1983,2,28,,,,,,,
375,1983,3,29,,,,,,,
376,1983,4,28,,,,,,,
377,1983,5,28,,,,,,,
378,1983,6,28,,,,,,,
379,1983,7,27,,,,,,,
380,1983,8,28,,,,,,,
381,1983,9,29,,,,,,,
382,1983,10,29,,,,,,,
383,1983,11,29,,,,,,,
384,1983,12,29,,,,,,,
385,1983,13,29,,,,,,,
386,1983,14,29,,,,,,,
387,1983,15,26,,,,,,,
388,1984,1,27,,,,,,,
389,1984,2,27,,,,,,,
390,1984,3,27,,,,,,,
391,1984,4,28,,,,,,,
392,1984,5,26,,,,,,,
393,1984,6,27,,,,,,,
394,1984,7,26,,,,,,,
395,1984,8,27,,,,,,,
396,1984,9,26,,,,,,,
397,1984,10,28,,,,,,,
398,1984,11,27,,,,,,,
399,1984,12,27,,,,,,,
400,1984,13,27,,,,,,,
401,1984,14,27,,,,,,,
402,1984,15,26,,,,,,,
403,1984,16,27,,,,,,,
404,1985,1,25,,,,,,,
405,1985,2,26,,,,,,,
406,1985,3,26,,,,,,,
407,1985,4,25,,,,,,,
408,1985,5,25,,,,,,,
409,1985,6,25,,,,,,,
410,1985,7,26,426.0,9997.0,95.0,Nigel,Mansell,1.0,Injury
411,1985,8,26,,,,,,,
412,1985,9,27,,,,,,,
413,1985,10,27,,,,,,,
414,1985,11,26,,,,,,,
415,1985,12,26,,,,,,,
416,1985,13,24,,,,,,,
417,1985,14,26,,,,,,,
418,1985,15,21,,,,,,,
419,1985,16,25,,,,,,,
420,1986,1,25,,,,,,,
421,1986,2,25,,,,,,,
422,1986,3,26,,,,,,,
423,1986,4,25,,,,,,,
424,1986,5,25,,,,,,,
425,1986,6,25,,,,,,,
426,1986,7,26,,,,,,,
427,1986,8,26,,,,,,,
428,1986,9,26,,,,,,,
429,1986,10,26,,,,,,,
430,1986,11,26,,,,,,,
431,1986,12,26,,,,,,,
432,1986,13,27,,,,,,,
433,1986,14,27,,,,,,,
434,1986,15,25,,,,,,,
435,1986,16,26,,,,,,,
436,1987,1,23,,,,,,,
437,1987,2,27,389.0,9037.0,137.0,Nelson,Piquet,1.0,Injury
438,1987,3,26,,,,,,,
439,1987,4,26,,,,,,,
440,1987,5,26,,,,,,,
441,1987,6,26,,,,,,,
442,1987,7,26,,,,,,,
443,1987,8,26,,,,,,,
444,1987,9,26,,,,,,,
445,1987,10,26,,,,,,,
446,1987,11,28,,,,,,,
447,1987,12,26,,,,,,,
448,1987,13,27,,,,,,,
449,1987,14,26,,,,,,,
450,1987,15,27,,,,,,,
451,1987,16,27,,,,,,,
452,1988,1,31,,,,,,,
453,1988,2,30,,,,,,,
454,1988,3,31,,,,,,,
455,1988,4,31,,,,,,,
456,1988,5,31,,,,,,,
457,1988,6,31,377.0,8674.0,122.0,Ivan,Capelli,1.0,Injured
458,1988,7,31,,,,,,,
459,1988,8,31,,,,,,,
460,1988,9,31,,,,,,,
461,1988,10,31,,,,,,,
462,1988,11,31,,,,,,,
463,1988,12,31,,,,,,,
464,1988,13,31,,,,,,,
465,1988,14,31,,,,,,,
466,1988,15,31,,,,,,,
467,1988,16,31,,,,,,,
468,1989,1,38,,,,,,,
469,1989,2,39,,,,,,,
470,1989,3,38,,,,,,,
471,1989,4,39,,,,,,,
472,1989,5,39,,,,,,,
473,1989,6,39,,,,,,,
474,1989,7,39,,,,,,,
475,1989,8,39,,,,,,,
476,1989,9,38,,,,,,,
477,1989,10,39,,,,,,,
478,1989,11,39,,,,,,,
479,1989,12,39,,,,,,,
480,1989,13,39,,,,,,,
481,1989,14,38,,,,,,,
482,1989,15,39,,,,,,,
483,1989,16,39,,,,,,,
484,1990,1,35,,,,,,,
485,1990,2,35,,,,,,,
486,1990,3,35,,,,,,,
487,1990,4,35,,,,,,,
488,1990,5,35,,,,,,,
489,1990,6,35,,,,,,,
490,1990,7,35,,,,,,,
491,1990,8,35,,,,,,,
492,1990,9,35,,,,,,,
493,1990,10,35,,,,,,,
494,1990,11,33,,,,,,,
495,1990,12,33,,,,,,,
496,1990,13,33,,,,,,,
497,1990,14,33,334.0,7486.0,151.0,Martin,Donnelly,1.0,Injured
498,1990,15,30,,,,,,,
499,1990,16,30,,,,,,,
500,1991,1,34,,,,,,,
501,1991,2,34,,,,,,,
502,1991,3,34,,,,,,,
503,1991,4,34,,,,,,,
504,1991,5,34,,,,,,,
505,1991,6,34,,,,,,,
506,1991,7,34,,,,,,,
507,1991,8,34,,,,,,,
508,1991,9,34,,,,,,,
509,1991,10,34,,,,,,,
510,1991,11,34,,,,,,,
511,1991,12,34,,,,,,,
512,1991,13,34,,,,,,,
513,1991,14,33,,,,,,,
514,1991,15,32,,,,,,,
515,1991,16,32,,,,,,,
516,1992,1,30,,,,,,,
517,1992,2,30,,,,,,,
518,1992,3,30,,,,,,,
519,1992,4,32,,,,,,,
520,1992,5,32,,,,,,,
521,1992,6,32,,,,,,,
522,1992,7,31,,,,,,,
523,1992,8,30,,,,,,,
524,1992,9,32,,,,,,,
525,1992,10,32,,,,,,,
526,1992,11,31,,,,,,,
527,1992,12,30,,,,,,,
528,1992,13,28,,,,,,,
529,1992,14,26,,,,,,,
530,1992,15,26,,,,,,,
531,1992,16,26,,,,,,,
532,1993,1,26,,,,,,,
533,1993,2,26,,,,,,,
534,1993,3,26,,,,,,,
535,1993,4,26,,,,,,,
536,1993,5,26,,,,,,,
537,1993,6,26,,,,,,,
538,1993,7,26,,,,,,,
539,1993,8,26,,,,,,,
540,1993,9,26,,,,,,,
541,1993,10,26,,,,,,,
542,1993,11,26,,,,,,,
543,1993,12,26,284.0,5894.0,70.0,Alessandro,Zanardi,1.0,Injury
544,1993,13,26,,,,,,,
545,1993,14,26,,,,,,,
546,1993,15,24,,,,,,,
547,1993,16,24,,,,,,,
548,1994,1,28,,,,,,,
549,1994,2,28,,,,,,,
550,1994,3,28,259.0,5221.0,22.0,Rubens,Barrichello,1.0,Injury
551,1994,4,26,260.0,5248.0,91.0,Karl,Wendlinger,1.0,Injury
552,1994,5,27,261.0,5275.0,85.0,Andrea,Montermini,1.0,Injury
553,1994,6,27,,,,,,,
554,1994,7,28,,,,,,,
555,1994,8,28,,,,,,,
556,1994,9,28,,,,,,,
557,1994,10,28,,,,,,,
558,1994,11,28,,,,,,,
559,1994,12,28,,,,,,,
560,1994,13,28,,,,,,,
561,1994,14,28,,,,,,,
562,1994,15,28,,,,,,,
563,1994,16,28,,,,,,,
564,1995,1,26,,,,,,,
565,1995,2,26,,,,,,,
566,1995,3,26,,,,,,,
567,1995,4,26,,,,,,,
568,1995,5,26,,,,,,,
569,1995,6,24,,,,,,,
570,1995,7,24,,,,,,,
571,1995,8,24,,,,,,,
572,1995,9,24,,,,,,,
573,1995,10,24,,,,,,,
574,1995,11,24,,,,,,,
575,1995,12,24,,,,,,,
576,1995,13,24,,,,,,,
577,1995,14,24,,,,,,,
578,1995,15,24,,,,,,,
579,1995,16,24,,,,,,,
580,1995,17,24,256.0,5138.0,57.0,Mika,Häkkinen,1.0,Injured
581,1996,1,22,,,,,,,
582,1996,2,22,,,,,,,
583,1996,3,22,,,,,,,
584,1996,4,22,,,,,,,
585,1996,5,22,,,,,,,
586,1996,6,22,229.0,4512.0,85.0,Andrea,Montermini,1.0,Injury
587,1996,7,22,,,,,,,
588,1996,8,22,,,,,,,
589,1996,9,22,,,,,,,
590,1996,10,22,,,,,,,
591,1996,11,20,,,,,,,
592,1996,12,20,,,,,,,
593,1996,13,20,,,,,,,
594,1996,14,20,,,,,,,
595,1996,15,20,,,,,,,
596,1996,16,20,,,,,,,
597,1997,1,24,,,,,,,
598,1997,2,22,,,,,,,
599,1997,3,22,,,,,,,
600,1997,4,22,,,,,,,
601,1997,5,22,,,,,,,
602,1997,6,22,,,,,,,
603,1997,7,22,,,,,,,
604,1997,8,22,,,,,,,
605,1997,9,22,,,,,,,
606,1997,10,22,,,,,,,
607,1997,11,22,,,,,,,
608,1997,12,22,,,,,,,
609,1997,13,22,,,,,,,
610,1997,14,22,,,,,,,
611,1997,15,22,,,,,,,
612,1997,16,22,222.0,4358.0,81.0,Gianni,Morbidelli,1.0,Injury
613,1997,17,22,,,,,,,
614,1998,1,22,,,,,,,
615,1998,2,22,192.0,3688.0,65.0,Johnny,Herbert,1.0,Injury
616,1998,3,22,,,,,,,
617,1998,4,22,,,,,,,
618,1998,5,21,,,,,,,
619,1998,6,22,,,,,,,
620,1998,7,22,,,,,,,
621,1998,8,22,,,,,,,
622,1998,9,22,,,,,,,
623,1998,10,22,,,,,,,
624,1998,11,21,,,,,,,
625,1998,12,21,,,,,,,
626,1998,13,22,,,,,,,
627,1998,14,22,,,,,,,
628,1998,15,22,,,,,,,
629,1998,16,22,,,,,,,
630,1999,1,22,,,,,,,
631,1999,2,22,,,,,,,
632,1999,3,22,,,,,,,
633,1999,4,22,,,,,,,
634,1999,5,22,,,,,,,
635,1999,6,22,,,,,,,
636,1999,7,22,,,,,,,
637,1999,8,22,,,,,,,
638,1999,9,22,,,,,,,
639,1999,10,22,,,,,,,
640,1999,11,22,,,,,,,
641,1999,12,22,,,,,,,
642,1999,13,22,,,,,,,
643,1999,14,22,,,,,,,
644,1999,15,22,,,,,,,
645,1999,16,22,,,,,,,
646,2000,1,22,,,,,,,
647,2000,2,22,,,,,,,
648,2000,3,22,,,,,,,
649,2000,4,22,,,,,,,
650,2000,5,22,,,,,,,
651,2000,6,21,,,,,,,
652,2000,7,22,,,,,,,
653,2000,8,22,,,,,,,
654,2000,9,22,,,,,,,
655,2000,10,22,,,,,,,
656,2000,11,22,,,,,,,
657,2000,12,22,,,,,,,
658,2000,13,22,,,,,,,
659,2000,14,22,,,,,,,
660,2000,15,22,,,,,,,
661,2000,16,22,,,,,,,
662,2000,17,22,,,,,,,
663,2001,1,22,,,,,,,
664,2001,2,22,,,,,,,
665,2001,3,22,,,,,,,
666,2001,4,22,,,,,,,
667,2001,5,22,,,,,,,
668,2001,6,22,,,,,,,
669,2001,7,22,,,,,,,
670,2001,8,22,,,,,,,
671,2001,9,22,,,,,,,
672,2001,10,22,,,,,,,
673,2001,11,22,,,,,,,
674,2001,12,22,,,,,,,
675,2001,13,22,,,,,,,
676,2001,14,22,,,,,,,
677,2001,15,22,,,,,,,
678,2001,16,22,,,,,,,
679,2001,17,22,,,,,,,
680,2002,1,22,,,,,,,
681,2002,2,22,,,,,,,
682,2002,3,22,,,,,,,
683,2002,4,22,,,,,,,
684,2002,5,22,,,,,,,
685,2002,6,22,,,,,,,
686,2002,7,22,,,,,,,
687,2002,8,22,,,,,,,
688,2002,9,22,,,,,,,
689,2002,10,21,,,,,,,
690,2002,11,22,134.0,2435.0,21.0,Giancarlo,Fisichella,1.0,Injury
691,2002,12,21,,,,,,,
692,2002,13,20,,,,,,,
693,2002,14,20,,,,,,,
694,2002,15,20,,,,,,,
695,2002,16,20,,,,,,,
696,2002,17,20,140.0,2556.0,66.0,Allan,McNish,1.0,Injured
697,2003,1,20,,,,,,,
698,2003,2,20,,,,,,,
699,2003,3,20,,,,,,,
700,2003,4,20,,,,,,,
701,2003,5,20,,,,,,,
702,2003,6,20,,,,,,,
703,2003,7,20,114.0,2014.0,18.0,Jenson,Button,1.0,Injured
704,2003,8,20,,,,,,,
705,2003,9,20,,,,,,,
706,2003,10,20,,,,,,,
707,2003,11,20,,,,,,,
708,2003,12,20,,,,,,,
709,2003,13,20,,,,,,,
710,2003,14,20,,,,,,,
711,2003,15,20,,,,,,,
712,2003,16,20,,,,,,,
713,2004,1,20,,,,,,,
714,2004,2,20,,,,,,,
715,2004,3,20,,,,,,,
716,2004,4,20,,,,,,,
717,2004,5,20,,,,,,,
718,2004,6,20,,,,,,,
719,2004,7,20,,,,,,,
720,2004,8,20,,,,,,,
721,2004,9,20,,,,,,,
722,2004,10,20,,,,,,,
723,2004,11,20,,,,,,,
724,2004,12,20,,,,,,,
725,2004,13,20,,,,,,,
726,2004,14,20,,,,,,,
727,2004,15,20,,,,,,,
728,2004,16,20,,,,,,,
729,2004,17,20,,,,,,,
730,2004,18,20,,,,,,,
731,2005,1,20,,,,,,,
732,2005,2,20,,,,,,,
733,2005,3,20,,,,,,,
734,2005,4,20,,,,,,,
735,2005,5,18,,,,,,,
736,2005,6,18,,,,,,,
737,2005,7,20,,,,,,,
738,2005,8,20,,,,,,,
739,2005,9,20,,,,,,,
740,2005,10,20,,,,,,,
741,2005,11,20,,,,,,,
742,2005,12,20,,,,,,,
743,2005,13,20,,,,,,,
744,2005,14,20,,,,,,,
745,2005,15,20,,,,,,,
746,2005,16,20,,,,,,,
747,2005,17,20,,,,,,,
748,2005,18,20,,,,,,,
749,2005,19,20,,,,,,,
750,2006,1,22,,,,,,,
751,2006,2,22,,,,,,,
752,2006,3,22,,,,,,,
753,2006,4,22,,,,,,,
754,2006,5,22,,,,,,,
755,2006,6,22,,,,,,,
756,2006,7,22,,,,,,,
757,2006,8,22,,,,,,,
758,2006,9,22,,,,,,,
759,2006,10,22,,,,,,,
760,2006,11,22,,,,,,,
761,2006,12,22,,,,,,,
762,2006,13,22,,,,,,,
763,2006,14,22,,,,,,,
764,2006,15,22,,,,,,,
765,2006,16,22,,,,,,,
766,2006,17,22,,,,,,,
767,2006,18,22,,,,,,,
768,2007,1,22,,,,,,,
769,2007,2,22,,,,,,,
770,2007,3,22,,,,,,,
771,2007,4,22,,,,,,,
772,2007,5,22,,,,,,,
773,2007,6,22,,,,,,,
774,2007,7,22,,,,,,,
775,2007,8,22,,,,,,,
776,2007,9,22,,,,,,,
777,2007,10,22,,,,,,,
778,2007,11,22,,,,,,,
779,2007,12,22,,,,,,,
780,2007,13,22,,,,,,,
781,2007,14,22,,,,,,,
782,2007,15,22,,,,,,,
783,2007,16,22,,,,,,,
784,2007,17,22,,,,,,,
785,2008,1,22,,,,,,,
786,2008,2,22,,,,,,,
787,2008,3,22,,,,,,,
788,2008,4,22,,,,,,,
789,2008,5,20,,,,,,,
790,2008,6,20,,,,,,,
791,2008,7,20,,,,,,,
792,2008,8,20,,,,,,,
793,2008,9,20,,,,,,,
794,2008,10,20,,,,,,,
795,2008,11,20,,,,,,,
796,2008,12,20,,,,,,,
797,2008,13,20,,,,,,,
798,2008,14,20,,,,,,,
799,2008,15,20,,,,,,,
800,2008,16,20,,,,,,,
801,2008,17,20,,,,,,,
802,2008,18,20,,,,,,,
803,2009,1,20,,,,,,,
804,2009,2,20,,,,,,,
805,2009,3,20,,,,,,,
806,2009,4,20,,,,,,,
807,2009,5,20,,,,,,,
808,2009,6,20,,,,,,,
809,2009,7,20,,,,,,,
810,2009,8,20,,,,,,,
811,2009,9,20,,,,,,,
812,2009,10,20,,,,,,,
813,2009,11,20,,,,,,,
814,2009,12,20,,,,,,,
815,2009,13,20,,,,,,,
816,2009,14,20,,,,,,,
817,2009,15,20,15.0,7853.0,10.0,Timo,Glock,1.0,Injured
818,2009,16,20,,,,,,,
819,2009,17,20,,,,,,,
820,2010,1,24,,,,,,,
821,2010,2,24,,,,,,,
822,2010,3,24,,,,,,,
823,2010,4,24,,,,,,,
824,2010,5,24,,,,,,,
825,2010,6,24,,,,,,,
826,2010,7,24,,,,,,,
827,2010,8,24,,,,,,,
828,2010,9,24,,,,,,,
829,2010,10,24,,,,,,,
830,2010,11,24,,,,,,,
831,2010,12,24,,,,,,,
832,2010,13,24,,,,,,,
833,2010,14,24,,,,,,,
834,2010,15,24,,,,,,,
835,2010,16,24,,,,,,,
836,2010,17,24,,,,,,,
837,2010,18,24,,,,,,,
838,2010,19,24,,,,,,,
839,2011,1,24,,,,,,,
840,2011,2,24,,,,,,,
841,2011,3,24,,,,,,,
842,2011,4,24,,,,,,,
843,2011,5,24,,,,,,,
844,2011,6,24,846.0,23541.0,815.0,Sergio,Pérez,1.0,Injury
845,2011,7,24,,,,,,,
846,2011,8,24,,,,,,,
847,2011,9,24,,,,,,,
848,2011,10,24,,,,,,,
849,2011,11,24,,,,,,,
850,2011,12,24,,,,,,,
851,2011,13,24,,,,,,,
852,2011,14,24,,,,,,,
853,2011,15,24,,,,,,,
854,2011,16,24,,,,,,,
855,2011,17,24,,,,,,,
856,2011,18,24,,,,,,,
857,2011,19,24,,,,,,,
858,2012,1,24,,,,,,,
859,2012,2,24,,,,,,,
860,2012,3,24,,,,,,,
861,2012,4,24,,,,,,,
862,2012,5,24,,,,,,,
863,2012,6,24,,,,,,,
864,2012,7,24,,,,,,,
865,2012,8,24,,,,,,,
866,2012,9,24,,,,,,,
867,2012,10,24,,,,,,,
868,2012,11,24,,,,,,,
869,2012,12,24,,,,,,,
870,2012,13,24,,,,,,,
871,2012,14,24,,,,,,,
872,2012,15,24,,,,,,,
873,2012,16,24,,,,,,,
874,2012,17,24,,,,,,,
875,2012,18,24,,,,,,,
876,2012,19,24,,,,,,,
877,2012,20,24,,,,,,,
878,2013,1,22,,,,,,,
879,2013,2,22,,,,,,,
880,2013,3,22,,,,,,,
881,2013,4,22,,,,,,,
882,2013,5,22,,,,,,,
883,2013,6,22,,,,,,,
884,2013,7,22,,,,,,,
885,2013,8,22,,,,,,,
886,2013,9,22,,,,,,,
887,2013,10,22,,,,,,,
888,2013,11,22,,,,,,,
889,2013,12,22,,,,,,,
890,2013,13,22,,,,,,,
891,2013,14,22,,,,,,,
892,2013,15,22,,,,,,,
893,2013,16,22,,,,,,,
894,2013,17,22,,,,,,,
895,2013,18,22,,,,,,,
896,2013,19,22,,,,,,,
897,2014,1,22,,,,,,,
898,2014,2,22,,,,,,,
899,2014,3,22,,,,,,,
900,2014,4,22,,,,,,,
901,2014,5,22,,,,,,,
902,2014,6,22,,,,,,,
903,2014,7,22,,,,,,,
904,2014,8,22,,,,,,,
905,2014,9,22,,,,,,,
906,2014,10,22,,,,,,,
907,2014,11,22,,,,,,,
908,2014,12,22,,,,,,,
909,2014,13,22,,,,,,,
910,2014,14,22,,,,,,,
911,2014,15,22,,,,,,,
912,2014,16,21,,,,,,,
913,2014,17,18,,,,,,,
914,2014,18,18,,,,,,,
915,2014,19,20,,,,,,,
916,2015,1,18,,,,,,,
917,2015,2,20,,,,,,,
918,2015,3,20,,,,,,,
919,2015,4,20,,,,,,,
920,2015,5,20,,,,,,,
921,2015,6,20,,,,,,,
922,2015,7,20,,,,,,,
923,2015,8,20,,,,,,,
924,2015,9,20,,,,,,,
925,2015,10,20,,,,,,,
926,2015,11,20,,,,,,,
927,2015,12,20,,,,,,,
928,2015,13,20,,,,,,,
929,2015,14,20,,,,,,,
930,2015,15,20,,,,,,,
931,2015,16,20,,,,,,,
932,2015,17,20,,,,,,,
933,2015,18,20,,,,,,,
934,2015,19,20,,,,,,,
935,2016,1,22,,,,,,,
936,2016,2,22,,,,,,,
937,2016,3,22,,,,,,,
938,2016,4,22,,,,,,,
939,2016,5,22,,,,,,,
940,2016,6,22,,,,,,,
941,2016,7,22,,,,,,,
942,2016,8,22,,,,,,,
943,2016,9,22,,,,,,,
944,2016,10,22,,,,,,,
945,2016,11,22,,,,,,,
946,2016,12,22,,,,,,,
947,2016,13,22,,,,,,,
948,2016,14,22,,,,,,,
949,2016,15,22,,,,,,,
950,2016,16,22,,,,,,,
951,2016,17,22,,,,,,,
952,2016,18,22,,,,,,,
953,2016,19,22,,,,,,,
954,2016,20,22,,,,,,,
955,2016,21,22,,,,,,,
956,2017,1,20,,,,,,,
957,2017,2,20,,,,,,,
958,2017,3,20,,,,,,,
959,2017,4,20,,,,,,,
960,2017,5,20,,,,,,,
961,2017,6,20,,,,,,,
962,2017,7,20,,,,,,,
963,2017,8,20,,,,,,,
964,2017,9,20,,,,,,,
965,2017,10,20,,,,,,,
966,2017,11,20,,,,,,,
967,2017,12,20,,,,,,,
968,2017,13,20,,,,,,,
969,2017,14,20,,,,,,,
970,2017,15,20,,,,,,,
971,2017,16,20,,,,,,,
972,2017,17,20,,,,,,,
973,2017,18,20,,,,,,,
974,2017,19,20,,,,,,,
975,2017,20,20,,,,,,,
976,2018,1,20,,,,,,,
977,2018,2,20,,,,,,,
978,2018,3,20,,,,,,,
979,2018,4,20,,,,,,,
980,2018,5,20,,,,,,,
981,2018,6,20,,,,,,,
982,2018,7,20,,,,,,,
983,2018,8,20,,,,,,,
984,2018,9,20,,,,,,,
985,2018,10,20,,,,,,,
986,2018,11,20,,,,,,,
987,2018,12,20,,,,,,,
988,2018,13,20,,,,,,,
989,2018,14,20,,,,,,,
990,2018,15,20,,,,,,,
991,2018,16,20,,,,,,,
992,2018,17,20,,,,,,,
993,2018,18,20,,,,,,,
994,2018,19,20,,,,,,,
995,2018,20,20,,,,,,,
996,2018,21,20,,,,,,,
997,2019,1,20,,,,,,,
998,2019,2,20,,,,,,,
999,2019,3,20,,,,,,,
1000,2019,4,20,,,,,,,
1001,2019,5,20,,,,,,,
1002,2019,6,20,,,,,,,
1003,2019,7,20,,,,,,,
1004,2019,8,20,,,,,,,
1005,2019,9,20,,,,,,,
1006,2019,10,20,,,,,,,
1007,2019,11,20,,,,,,,
1008,2019,12,20,,,,,,,
1009,2019,13,20,,,,,,,
1010,2019,14,20,,,,,,,
1011,2019,15,20,,,,,,,
1012,2019,16,20,,,,,,,
1013,2019,17,20,,,,,,,
1014,2019,18,20,,,,,,,
1015,2019,19,20,,,,,,,
1016,2019,20,20,,,,,,,
1017,2019,21,20,,,,,,,
1018,2020,1,20,,,,,,,
1019,2020,2,20,,,,,,,
1020,2020,3,20,,,,,,,
1021,2020,4,20,,,,,,,
1022,2020,5,20,,,,,,,
1023,2020,6,20,,,,,,,
1024,2020,7,20,,,,,,,
1025,2020,8,20,,,,,,,
1026,2020,9,20,,,,,,,
1027,2020,10,20,,,,,,,
1028,2020,11,20,,,,,,,
1029,2020,12,20,,,,,,,
1030,2020,13,20,,,,,,,
1031,2020,14,20,,,,,,,
1032,2020,15,20,,,,,,,
1033,2020,16,20,,,,,,,
1034,2020,17,20,,,,,,,
1035,2021,1,20,,,,,,,
1036,2021,2,20,,,,,,,
1037,2021,3,20,,,,,,,
1038,2021,4,20,,,,,,,
1039,2021,5,20,,,,,,,
1040,2021,6,20,,,,,,,
1041,2021,7,20,,,,,,,
1042,2021,8,20,,,,,,,
1043,2021,9,20,,,,,,,
1044,2021,10,20,,,,,,,
1045,2021,11,20,,,,,,,
1046,2021,12,20,,,,,,,
1047,2021,13,20,,,,,,,
1048,2021,14,20,,,,,,,
1049,2021,15,20,,,,,,,
1050,2021,16,20,,,,,,,
1051,2021,17,20,,,,,,,
1052,2021,18,20,,,,,,,
1053,2021,19,20,,,,,,,
1054,2021,20,20,,,,,,,
1055,2021,21,20,,,,,,,
1056,2021,22,20,,,,,,,
1057,2022,1,20,,,,,,,
1058,2022,2,20,,,,,,,
1059,2022,3,20,,,,,,,
1060,2022,4,20,,,,,,,
1061,2022,5,20,,,,,,,
1062,2022,6,20,,,,,,,
1063,2022,7,20,,,,,,,
1064,2022,8,20,,,,,,,
1065,2022,9,20,,,,,,,
1066,2022,10,20,,,,,,,
1067,2022,11,20,,,,,,,
1068,2022,12,20,,,,,,,
1069,2022,13,20,,,,,,,
1070,2022,14,20,,,,,,,
1071,2022,15,20,,,,,,,
1072,2022,16,20,,,,,,,
1073,2022,17,20,,,,,,,
1074,2022,18,20,,,,,,,
1075,2022,19,20,,,,,,,
1076,2022,20,20,,,,,,,
1077,2022,21,20,,,,,,,
1078,2022,22,20,,,,,,,
